scenario,symbol,signal_month,signal_gain,entry,exit_month,exit,months_held,pnl_pct,reason
>30% / target,ABB,2012-01,39.9,688.23,2014-07,963.14,30,39.95,target
>30% / target,AIAENG,2009-04,35.4,147.21,2009-05,199.28,1,35.37,target
>30% / target,AARTIIND,2008-07,41.3,7.65,2010-09,10.81,26,41.29,target
>30% / target,ACE,2009-04,32.5,13.35,2009-05,17.69,1,32.49,target
>30% / target,ACE,2012-09,43.3,23.79,2014-09,34.09,24,43.31,target
>30% / target,ACE,2017-10,31.7,84.2,2017-11,110.91,1,31.72,target
>30% / target,ACE,2019-03,42.4,111.1,2021-02,158.25,23,42.45,target
>30% / target,ADANIENSOL,2020-06,49.6,260.2,2020-11,389.33,5,49.63,target
>30% / target,ADANIENSOL,2023-03,54.5,993.05,2026-05,1533.91,38,54.46,target
>30% / target,ADANIENT,2009-04,58.1,26.71,2009-05,42.22,1,58.06,target
>30% / target,ADANIENT,2012-01,41.7,54.04,2014-05,76.55,28,41.66,target
>30% / target,ADANIENT,2026-04,36.9,2407.32,2026-09,2903.4,5,20.61,open
>30% / target,ADANIGREEN,2023-03,81.6,881.15,2023-12,1599.89,9,81.57,target
>30% / target,ADANIPOWER,2012-09,33.0,10.59,2019-11,14.09,86,33.04,target
>30% / target,ADANIPOWER,2023-03,31.0,38.32,2023-05,50.19,2,30.96,target
>30% / target,ADANIPOWER,2026-04,47.5,221.85,2026-09,204.0,5,-8.05,open
>30% / target,ABCAPITAL,2019-11,33.7,109.45,2022-11,146.36,36,33.72,target
>30% / target,ABCAPITAL,2024-04,31.9,231.4,2025-10,305.28,18,31.93,target
>30% / target,ABREL,2020-01,35.0,627.47,2021-09,846.79,20,34.95,target
>30% / target,AEGISLOG,2006-08,33.5,7.38,2007-11,9.86,15,33.49,target
>30% / target,AEGISLOG,2008-12,40.3,3.31,2009-04,4.64,4,40.31,target
>30% / target,AEGISLOG,2012-01,57.2,13.66,2014-06,21.47,29,57.22,target
>30% / target,ARE&M,2026-04,30.1,869.34,2026-09,754.55,5,-13.2,open
>30% / target,AMBUJACEM,2008-12,34.2,51.81,2009-05,69.52,5,34.2,target
>30% / target,ANANTRAJ,2007-09,31.0,105.97,2023-04,138.87,187,31.04,target
>30% / target,ANGELONE,2025-05,32.4,297.81,2026-09,274.0,16,-8.0,open
>30% / target,ANURAS,2022-07,30.6,790.79,2023-04,1032.71,9,30.59,target
>30% / target,APARINDS,2009-05,63.0,103.99,2010-04,169.49,11,62.98,target
>30% / target,APARINDS,2025-05,44.8,8038.34,2026-04,11640.74,11,44.82,target
>30% / target,APTUS,2026-04,33.7,257.73,2026-09,232.53,5,-9.78,open
>30% / target,ASAHIINDIA,2006-09,32.5,110.09,2015-02,145.85,101,32.48,target
>30% / target,ASHOKLEY,2005-07,30.1,4.48,2006-02,5.83,7,30.09,target
>30% / target,ASTERDM,2020-06,38.0,93.54,2020-11,129.08,5,37.99,target
>30% / target,ASTERDM,2021-08,31.1,161.77,2023-05,212.07,21,31.09,target
>30% / target,ASTRAL,2009-04,72.6,2.69,2009-06,4.64,2,72.6,target
>30% / target,AUROPHARMA,2012-01,35.1,52.85,2012-10,71.37,9,35.06,target
>30% / target,AUROPHARMA,2020-04,51.5,604.8,2020-08,916.17,4,51.48,target
>30% / target,BEML,2013-10,33.9,72.38,2014-03,96.91,5,33.89,target
>30% / target,BEML,2026-04,31.9,1793.15,2026-09,1992.4,5,11.11,open
>30% / target,BSE,2020-04,31.7,39.33,2020-07,51.78,3,31.65,target
>30% / target,BAJFINANCE,2007-12,32.7,3.78,2010-07,5.02,31,32.69,target
>30% / target,BAJFINANCE,2020-06,44.9,275.62,2020-11,399.4,5,44.91,target
>30% / target,BAJFINANCE,2022-07,33.5,705.56,2025-04,941.84,33,33.49,target
>30% / target,BAJAJFINSV,2012-02,42.9,62.24,2012-08,88.93,6,42.89,target
>30% / target,BAJAJFINSV,2022-07,37.7,1501.01,2025-04,2066.14,33,37.65,target
>30% / target,BAJAJHLDNG,2008-08,39.9,328.85,2009-12,460.06,16,39.9,target
>30% / target,BALRAMCHIN,2008-12,54.5,39.73,2009-04,61.38,4,54.5,target
>30% / target,BANKBARODA,2009-04,35.6,45.68,2009-05,61.92,1,35.57,target
>30% / target,BANKBARODA,2013-10,30.3,104.05,2014-04,135.54,6,30.26,target
>30% / target,BANKBARODA,2018-07,36.1,131.69,2023-06,179.27,59,36.13,target
>30% / target,BANKINDIA,2017-04,34.1,159.01,2026-09,130.24,113,-18.09,open
>30% / target,MAHABANK,2014-03,34.2,33.09,2014-05,44.42,2,34.24,target
>30% / target,BEL,2008-12,33.2,5.69,2009-04,7.57,4,33.17,target
>30% / target,BHARATFORG,2007-10,31.8,160.32,2014-05,211.24,79,31.76,target
>30% / target,BHARATFORG,2020-04,31.6,297.49,2020-08,391.51,4,31.6,target
>30% / target,BHARATFORG,2026-02,32.7,1905.42,2026-09,1926.0,7,1.08,open
>30% / target,BHEL,2009-05,31.6,235.24,2024-05,309.47,180,31.55,target
>30% / target,BIOCON,2008-12,31.6,17.02,2009-04,22.4,4,31.62,target
>30% / target,BBOX,2008-12,33.0,7.74,2009-05,10.3,5,33.01,target
>30% / target,BBOX,2011-09,44.9,15.62,2012-05,22.64,8,44.92,target
>30% / target,BBOX,2013-07,69.6,19.15,2017-12,32.49,53,69.64,target
>30% / target,BBOX,2026-04,43.0,638.73,2026-05,913.64,1,43.04,target
>30% / target,BLUESTARCO,2014-03,34.0,87.56,2014-05,117.35,2,34.03,target
>30% / target,BRIGADE,2012-01,46.3,26.29,2012-12,38.46,11,46.3,target
>30% / target,BRIGADE,2017-03,35.1,110.02,2017-11,148.67,8,35.13,target
>30% / target,BRIGADE,2020-06,35.5,100.16,2020-08,135.76,2,35.54,target
>30% / target,CESC,2020-04,60.6,48.25,2021-10,77.47,18,60.57,target
>30% / target,CGPOWER,2020-04,57.4,7.85,2020-08,12.36,4,57.43,target
>30% / target,CIEINDIA,2014-02,61.0,76.61,2014-06,123.34,4,61.01,target
>30% / target,CIEINDIA,2020-04,38.2,89.68,2020-08,123.92,4,38.18,target
>30% / target,CRISIL,2021-06,31.0,2367.14,2021-07,3100.46,1,30.98,target
>30% / target,CANBK,2012-09,35.6,63.68,2024-01,86.37,136,35.63,target
>30% / target,CGCL,2012-11,42.1,25.46,2014-06,36.18,19,42.13,target
>30% / target,CGCL,2016-07,45.1,35.37,2016-09,51.32,2,45.1,target
>30% / target,CGCL,2018-08,34.7,106.38,2019-03,143.32,7,34.73,target
>30% / target,CARTRADE,2026-06,55.2,2693.0,2026-09,2899.8,3,7.68,open
>30% / target,CASTROLIND,2007-12,33.7,21.78,2009-07,29.12,19,33.7,target
>30% / target,CEATLTD,2009-04,56.2,43.41,2009-05,67.8,1,56.16,target
>30% / target,CEATLTD,2015-07,38.2,812.08,2015-09,1122.41,2,38.21,target
>30% / target,CEMPRO,2009-04,38.6,9.58,2009-05,13.29,1,38.62,target
>30% / target,CEMPRO,2014-05,59.8,23.77,2014-07,37.97,2,59.78,target
>30% / target,CEMPRO,2025-05,46.6,711.21,2026-05,1042.78,12,46.62,target
>30% / target,CHAMBLFERT,2007-08,42.3,30.59,2007-11,43.53,3,42.29,target
>30% / target,CHENNPETRO,2015-04,33.6,67.32,2015-05,89.92,1,33.58,target
>30% / target,CHENNPETRO,2020-06,41.7,64.88,2020-12,91.96,6,41.74,target
>30% / target,CHENNPETRO,2025-03,36.2,580.48,2025-10,790.64,7,36.2,target
>30% / target,CHOLAHLDNG,2008-11,49.4,19.53,2009-06,29.17,7,49.38,target
>30% / target,CHOLAFIN,2008-12,42.0,7.69,2009-05,10.92,5,42.0,target
>30% / target,CHOLAFIN,2012-01,35.3,28.1,2012-07,38.03,6,35.32,target
>30% / target,CHOLAFIN,2020-06,33.7,186.84,2020-08,249.74,2,33.66,target
>30% / target,CIPLA,2020-04,39.4,562.62,2020-10,784.49,6,39.43,target
>30% / target,COCHINSHIP,2020-06,33.6,124.42,2020-12,166.17,6,33.56,target
>30% / target,COCHINSHIP,2026-04,45.3,1731.45,2026-09,1315.0,5,-24.05,open
>30% / target,COFORGE,2008-04,39.1,18.18,2009-12,25.29,20,39.11,target
>30% / target,COHANCE,2024-06,30.2,804.0,2024-07,1047.17,1,30.24,target
>30% / target,COHANCE,2026-04,60.3,483.25,2026-09,444.0,5,-8.12,open
>30% / target,CRAFTSMAN,2024-06,31.0,5530.13,2025-08,7242.92,14,30.97,target
>30% / target,CYIENT,2009-04,68.2,49.84,2009-07,83.85,3,68.24,target
>30% / target,DEEPAKFERT,2022-01,53.0,542.48,2022-08,829.74,7,52.95,target
>30% / target,DEEPAKFERT,2026-04,39.2,1256.68,2026-09,1351.0,5,7.51,open
>30% / target,DEVYANI,2026-04,31.9,124.73,2026-09,130.29,5,4.46,open
>30% / target,DIXON,2023-05,33.0,3870.26,2023-09,5149.31,4,33.05,target
>30% / target,EIDPARRY,2015-10,32.3,158.28,2016-04,209.46,6,32.33,target
>30% / target,ELECON,2009-04,38.0,17.08,2009-05,23.57,1,38.0,target
>30% / target,ELECON,2026-04,42.8,505.21,2026-09,461.8,5,-8.59,open
>30% / target,ELGIEQUIP,2009-05,36.8,10.43,2009-08,14.26,3,36.76,target
>30% / target,ELGIEQUIP,2021-11,38.3,270.36,2022-01,373.95,2,38.32,target
>30% / target,EMAMILTD,2009-05,66.8,44.11,2009-12,73.57,7,66.78,target
>30% / target,EMCURE,2025-05,30.1,1324.58,2026-04,1723.81,11,30.14,target
>30% / target,ESCORTS,2014-09,34.2,142.33,2016-06,190.98,21,34.18,target
>30% / target,EXIDEIND,2006-08,30.4,28.38,2006-09,37.02,1,30.45,target
>30% / target,FACT,2012-01,46.1,33.34,2017-04,48.7,63,46.07,target
>30% / target,FSL,2012-01,37.7,6.51,2012-02,8.97,1,37.7,target
>30% / target,FORCEMOT,2025-03,35.6,9000.22,2025-05,12203.85,2,35.6,target
>30% / target,FORTIS,2009-05,45.5,98.42,2010-01,143.2,8,45.49,target
>30% / target,FORTIS,2015-02,41.1,159.67,2017-05,225.29,27,41.1,target
>30% / target,GVT&D,2007-10,31.8,2.93,2008-04,4.59,6,56.78,target(gap)
>30% / target,GMRAIRPORT,2012-01,39.5,25.58,2021-10,35.69,117,39.52,target
>30% / target,GALLANTT,2009-04,31.9,13.37,2009-05,17.64,1,31.88,target
>30% / target,GALLANTT,2011-10,77.0,29.84,2016-10,52.82,60,77.03,target
>30% / target,GRSE,2020-06,51.2,194.61,2022-04,294.18,22,51.16,target
>30% / target,GRSE,2025-03,34.2,1669.15,2025-05,2240.2,2,34.21,target
>30% / target,GILLETTE,2007-12,59.5,1071.34,2011-06,1708.79,42,59.5,target
>30% / target,GLAXO,2008-02,35.8,357.43,2009-07,485.55,17,35.85,target
>30% / target,GLENMARK,2020-04,63.7,329.06,2020-06,538.79,2,63.74,target
>30% / target,GPIL,2012-01,39.0,23.99,2014-05,33.34,28,38.99,target
>30% / target,GODFRYPHLP,2006-11,34.2,69.23,2008-01,92.92,14,34.23,target
>30% / target,GODFRYPHLP,2011-06,34.4,150.97,2011-10,202.96,4,34.44,target
>30% / target,GODFRYPHLP,2014-02,30.1,182.68,2015-10,237.61,20,30.07,target
>30% / target,GODREJIND,2008-07,32.6,163.69,2010-09,217.02,26,32.58,target
>30% / target,GRANULES,2006-08,42.7,8.57,2012-07,12.23,71,42.69,target
>30% / target,GRANULES,2013-04,37.9,11.99,2013-10,16.53,6,37.9,target
>30% / target,GRAPHITE,2017-01,33.9,75.62,2017-04,101.22,3,33.86,target
>30% / target,GRASIM,2008-12,37.6,163.35,2009-04,224.85,4,37.65,target
>30% / target,GMDCLTD,2008-12,59.5,26.93,2009-05,42.94,5,59.47,target
>30% / target,HBLENGINE,2016-10,42.5,42.4,2017-09,60.4,11,42.45,target
>30% / target,HFCL,2007-09,31.9,26.35,2007-12,34.77,3,31.94,target
>30% / target,HFCL,2026-04,71.0,115.92,2026-06,198.21,2,70.98,target
>30% / target,HAVELLS,2009-03,36.1,12.39,2009-05,16.86,2,36.05,target
>30% / target,HEROMOTOCO,2020-04,35.7,1746.45,2020-08,2370.28,4,35.72,target
>30% / target,HSCL,2020-04,69.1,49.11,2022-04,83.05,24,69.1,target
>30% / target,HINDALCO,2009-03,34.8,44.98,2009-05,60.66,2,34.84,target
>30% / target,HINDALCO,2014-03,34.6,129.75,2014-07,174.59,4,34.55,target
>30% / target,HINDALCO,2020-04,36.1,124.36,2020-08,169.2,4,36.05,target
>30% / target,HAL,2025-03,35.3,4120.77,2026-09,4668.0,18,13.28,open
>30% / target,HINDCOPPER,2012-01,66.8,284.58,2025-12,474.76,167,66.83,target
>30% / target,HINDPETRO,2023-11,40.3,200.63,2024-02,281.39,3,40.25,target
>30% / target,HINDZINC,2009-03,40.0,15.3,2009-05,21.41,2,39.96,target
>30% / target,HINDZINC,2024-04,46.1,389.36,2024-05,568.72,1,46.07,target
>30% / target,HONAUT,2012-01,34.9,2245.19,2012-03,3028.21,2,34.88,target
>30% / target,HUDCO,2026-04,38.4,217.74,2026-09,166.58,5,-23.49,open
>30% / target,ICICIBANK,2012-01,31.8,139.42,2013-01,183.7,12,31.77,target
>30% / target,IFCI,2012-01,31.4,24.35,2012-02,31.98,1,31.35,target
>30% / target,IIFL,2019-03,30.5,222.6,2021-03,290.39,24,30.45,target
>30% / target,IRB,2020-01,43.0,4.96,2021-06,7.09,17,43.02,target
>30% / target,ITC,2009-07,33.1,47.51,2010-08,63.22,13,33.07,target
>30% / target,ITI,2012-01,31.1,23.4,2012-02,30.68,1,31.09,target
>30% / target,INDIACEM,2024-06,43.6,293.57,2025-10,421.43,16,43.56,target
>30% / target,INDIANB,2008-08,31.9,78.01,2009-09,102.89,13,31.89,target
>30% / target,INDIANB,2016-03,36.6,84.88,2016-06,115.97,3,36.62,target
>30% / target,INDHOTEL,2020-08,35.8,98.78,2021-06,134.52,10,36.18,target(gap)
>30% / target,IOB,2020-06,67.1,12.2,2021-02,20.39,8,67.12,target
>30% / target,IRFC,2022-11,49.2,31.08,2023-08,46.38,9,49.24,target
>30% / target,INDUSTOWER,2019-11,45.7,223.17,2024-04,325.05,53,45.65,target
>30% / target,INDUSINDBK,2022-07,31.4,1011.04,2023-06,1328.16,11,31.37,target
>30% / target,INTELLECT,2023-05,31.4,572.84,2023-12,752.82,7,31.42,target
>30% / target,JKCEMENT,2014-03,42.5,220.77,2014-05,314.54,2,42.48,target
>30% / target,JKCEMENT,2016-03,41.2,630.45,2016-10,890.29,7,41.21,target
>30% / target,JKTYRE,2013-10,39.1,20.84,2013-12,29.0,2,39.11,target
>30% / target,JSWENERGY,2012-01,42.9,43.96,2014-05,62.82,28,42.91,target
>30% / target,JSWSTEEL,2013-09,34.8,63.77,2013-12,85.93,3,34.76,target
>30% / target,JPPOWER,2012-09,38.0,35.25,2026-09,15.13,168,-57.08,open
>30% / target,J&KBANK,2012-10,31.3,106.39,2014-03,139.68,17,31.29,target
>30% / target,J&KBANK,2019-03,39.5,51.3,2023-07,71.55,52,39.48,target
>30% / target,JINDALSAW,2015-07,30.3,31.53,2017-07,41.08,24,30.29,target
>30% / target,JINDALSTEL,2015-10,32.2,78.89,2017-02,104.26,16,32.15,target
>30% / target,JUBLINGREA,2026-04,31.3,711.35,2026-09,653.2,5,-8.18,open
>30% / target,JWL,2020-06,51.8,12.66,2020-12,19.21,6,51.79,target
>30% / target,JYOTICNC,2026-06,30.1,775.1,2026-08,1008.02,2,30.05,target
>30% / target,KPRMILL,2009-04,52.4,2.3,2009-05,3.5,1,52.42,target
>30% / target,KPRMILL,2016-03,31.1,80.07,2016-07,104.96,4,31.08,target
>30% / target,KEI,2012-01,30.3,15.84,2012-02,20.64,1,30.27,target
>30% / target,KPITTECH,2020-04,58.2,53.83,2020-08,85.13,4,58.16,target
>30% / target,KSB,2009-03,30.6,21.14,2009-05,27.61,2,30.59,target
>30% / target,KAJARIACER,2009-05,35.1,15.43,2009-09,20.85,4,35.12,target
>30% / target,KPIL,2009-03,40.9,53.08,2009-05,74.81,2,40.93,target
>30% / target,KPIL,2012-09,35.8,75.04,2014-04,101.87,19,35.76,target
>30% / target,KEC,2008-12,33.6,27.47,2009-04,36.69,4,33.56,target
>30% / target,KEC,2012-01,52.3,46.47,2012-10,70.76,9,52.28,target
>30% / target,KIRLOSBROS,2011-04,39.8,163.64,2014-05,228.84,37,39.84,target
>30% / target,KIRLOSBROS,2025-06,30.1,2340.41,2026-09,1774.9,15,-24.16,open
>30% / target,KIRLOSENG,2020-04,30.6,105.14,2021-02,137.26,10,30.55,target
>30% / target,KOTAKBANK,2009-04,36.5,18.97,2009-05,25.9,1,36.52,target
>30% / target,LTFOODS,2008-07,35.7,4.84,2009-09,6.57,14,35.72,target
>30% / target,LT,2009-04,31.0,308.57,2009-05,404.14,1,30.97,target
>30% / target,LT,2012-01,31.8,470.87,2012-10,620.54,9,31.79,target
>30% / target,LINDEINDIA,2010-06,41.2,272.65,2012-02,385.11,20,41.25,target
>30% / target,LINDEINDIA,2018-11,54.3,658.56,2021-02,1016.48,27,54.35,target
>30% / target,LODHA,2026-04,32.6,894.76,2026-07,1186.71,3,32.63,target
>30% / target,LUPIN,2020-04,41.7,802.25,2021-05,1136.47,13,41.66,target
>30% / target,MMTC,2012-01,65.5,569.02,2026-09,56.91,176,-90.0,open
>30% / target,MGL,2020-11,30.6,919.94,2024-01,1201.04,38,30.56,target
>30% / target,M&MFIN,2008-12,40.8,23.79,2009-12,33.5,12,40.83,target
>30% / target,MRPL,2022-04,77.3,71.11,2023-12,126.07,20,77.28,target
>30% / target,MARUTI,2013-04,30.3,1485.1,2014-05,1935.31,13,30.32,target
>30% / target,MFSL,2016-06,49.6,531.11,2021-02,794.7,56,49.63,target
>30% / target,MAZDOCK,2026-04,32.3,2728.27,2026-09,2113.0,5,-22.55,open
>30% / target,MOTILALOFS,2012-01,40.6,102.78,2014-05,144.51,28,40.61,target
>30% / target,MPHASIS,2013-05,30.2,331.03,2016-06,431.05,37,30.22,target
>30% / target,MCX,2016-09,37.6,238.74,2020-07,328.51,46,37.6,target
>30% / target,MUTHOOTFIN,2013-08,48.9,81.86,2014-02,121.88,6,48.89,target
>30% / target,NATCOPHARM,2013-07,36.4,110.28,2013-12,150.44,5,36.41,target
>30% / target,NCC,2013-10,44.4,13.71,2014-03,19.8,5,44.41,target
>30% / target,NCC,2020-04,38.7,23.71,2020-08,32.88,4,38.67,target
>30% / target,NHPC,2014-05,30.5,13.75,2017-01,17.95,32,30.53,target
>30% / target,NLCINDIA,2008-12,36.0,32.54,2009-01,44.26,1,36.03,target
>30% / target,NLCINDIA,2022-04,30.8,74.48,2023-06,97.4,14,30.78,target
>30% / target,NTPC,2014-05,37.9,87.65,2021-09,120.91,88,37.95,target
>30% / target,NATIONALUM,2009-05,68.0,41.03,2021-07,68.92,146,67.98,target
>30% / target,NAVA,2006-03,63.3,12.49,2006-05,20.51,2,64.29,target(gap)
>30% / target,NAVA,2014-05,38.1,44.89,2016-11,62.02,30,38.14,target
>30% / target,NETWEB,2025-05,41.6,1995.44,2025-09,2826.33,4,41.64,target
>30% / target,NEULANDLAB,2017-03,63.7,1462.72,2021-04,2394.35,49,63.69,target
>30% / target,NAM-INDIA,2019-02,33.7,147.91,2019-08,197.72,6,33.68,target
>30% / target,OLAELEC,2025-08,30.8,54.05,2025-09,70.72,1,30.84,target
>30% / target,OLAELEC,2026-04,60.4,36.56,2026-09,36.92,5,0.98,open
>30% / target,OLECTRA,2006-12,35.7,18.48,2007-02,25.08,2,35.71,target
>30% / target,OLECTRA,2012-01,55.1,14.14,2016-07,21.93,54,55.14,target
>30% / target,OLECTRA,2018-08,48.1,233.24,2021-09,345.54,37,48.15,target
>30% / target,OFSS,2009-01,32.8,322.0,2009-04,427.75,3,32.84,target
>30% / target,OFSS,2024-01,54.8,5864.1,2024-06,9077.2,5,54.79,target
>30% / target,OFSS,2026-04,44.5,9455.61,2026-09,10630.0,5,12.42,open
>30% / target,PCBL,2009-04,37.7,2.98,2009-05,4.1,1,37.65,target
>30% / target,PGEL,2016-06,55.5,17.52,2017-06,27.24,12,55.47,target
>30% / target,PGEL,2019-12,56.4,5.68,2020-10,8.88,10,56.4,target
>30% / target,PIIND,2020-04,35.9,1557.18,2020-08,2115.48,4,35.85,target
>30% / target,PNBHOUSING,2026-04,38.5,1037.55,2026-09,1120.0,5,7.95,open
>30% / target,PVRINOX,2007-11,46.9,248.1,2013-05,364.56,66,46.94,target
>30% / target,PVRINOX,2015-07,32.9,820.7,2016-07,1090.37,12,32.86,target
>30% / target,PATANJALI,2016-03,38.0,1061.3,2026-09,363.0,126,-65.8,open
>30% / target,POLYMED,2013-10,34.0,75.88,2014-02,101.69,4,34.02,target
>30% / target,PFC,2008-07,31.7,22.26,2009-05,29.31,10,31.66,target
>30% / target,PRESTIGE,2012-02,38.6,96.71,2012-09,134.03,7,38.58,target
>30% / target,PFOCUS,2007-04,34.8,56.39,2007-06,76.01,2,34.78,target
>30% / target,PFOCUS,2009-04,34.1,11.25,2009-05,15.08,1,34.09,target
>30% / target,RBLBANK,2020-06,44.0,170.13,2021-01,244.96,7,43.98,target
>30% / target,RECLTD,2008-12,32.8,9.21,2009-03,12.23,3,32.79,target
>30% / target,RADICO,2007-07,31.8,167.1,2017-10,220.28,123,31.82,target
>30% / target,RADICO,2026-04,30.2,3415.52,2026-07,4446.69,3,30.19,target
>30% / target,RAILTEL,2025-05,34.6,393.39,2026-09,265.65,16,-32.47,open
>30% / target,RKFORGE,2009-04,34.1,6.55,2009-05,8.78,1,34.07,target
>30% / target,RKFORGE,2013-04,44.6,18.91,2014-04,27.34,12,44.61,target
>30% / target,RKFORGE,2017-01,35.6,74.79,2017-04,101.43,3,35.62,target
>30% / target,RKFORGE,2024-06,33.6,886.11,2026-09,702.3,27,-20.74,open
>30% / target,RELIANCE,2020-04,31.6,652.8,2020-07,859.27,3,31.63,target
>30% / target,RPOWER,2017-12,32.2,50.25,2025-06,66.45,90,32.24,target
>30% / target,RPOWER,2026-04,40.5,28.61,2026-09,19.69,5,-31.18,open
>30% / target,SHRIPISTON,2017-05,33.7,760.54,2017-07,1016.75,2,33.69,target
>30% / target,SHRIPISTON,2020-04,37.6,262.44,2021-02,361.01,10,37.56,target
>30% / target,SHRIPISTON,2025-05,37.4,2456.83,2026-01,3376.0,8,37.41,target
>30% / target,MOTHERSON,2022-01,30.8,77.62,2024-05,101.49,28,30.76,target
>30% / target,SARDAEN,2012-01,57.0,9.66,2014-05,15.16,28,57.02,target
>30% / target,SCHAEFFLER,2010-07,34.7,139.94,2011-04,188.44,9,34.66,target
>30% / target,SCHNEIDER,2025-05,30.7,752.15,2025-07,983.02,2,30.7,target
>30% / target,SCHNEIDER,2026-02,30.8,906.45,2026-04,1185.99,2,30.84,target
>30% / target,SCI,2012-01,36.2,60.42,2015-12,82.32,47,36.24,target
>30% / target,SCI,2019-09,54.5,39.84,2019-11,61.54,2,54.46,target
>30% / target,SHRIRAMFIN,2012-01,38.5,94.31,2013-01,130.64,12,38.52,target
>30% / target,SIEMENS,2007-10,45.7,458.77,2015-02,668.37,88,45.69,target
>30% / target,SOBHA,2017-10,30.9,470.52,2018-01,615.84,3,30.89,target
>30% / target,SOLARINDS,2009-04,32.0,49.59,2009-09,65.48,5,32.04,target
>30% / target,STARHEALTH,2022-07,52.9,747.2,2026-09,534.65,50,-28.45,open
>30% / target,SAIL,2017-10,45.4,64.33,2021-04,93.53,42,45.39,target
>30% / target,STLTECH,2005-08,66.5,20.63,2006-10,34.34,14,66.48,target
>30% / target,STLTECH,2008-12,37.6,11.12,2009-04,15.31,4,37.65,target
>30% / target,STLTECH,2012-01,39.0,34.85,2014-06,48.43,29,38.98,target
>30% / target,STLTECH,2019-09,37.7,151.64,2021-02,208.82,17,37.71,target
>30% / target,STLTECH,2026-02,49.7,159.18,2026-04,238.25,2,49.68,target
>30% / target,SUNTV,2008-12,42.0,111.91,2009-05,158.95,5,42.03,target
>30% / target,SUNTV,2017-02,35.6,552.37,2017-12,749.04,10,35.6,target
>30% / target,SUPREMEIND,2009-04,51.7,24.1,2009-06,36.57,2,51.73,target
>30% / target,SUZLON,2008-12,49.6,57.2,2009-05,85.57,5,49.58,target
>30% / target,SUZLON,2012-01,55.6,25.71,2023-11,39.99,142,55.56,target
>30% / target,SUZLON,2026-04,40.5,55.58,2026-09,39.49,5,-28.95,open
>30% / target,SWANCORP,2023-08,38.8,304.13,2023-11,422.1,3,38.79,target
>30% / target,SYNGENE,2020-04,34.1,318.91,2020-07,427.74,3,34.12,target
>30% / target,TDPOWERSYS,2017-03,47.1,21.31,2021-09,31.34,54,47.07,target
>30% / target,TDPOWERSYS,2025-03,32.9,204.53,2025-06,271.84,3,32.91,target
>30% / target,TATACHEM,2026-04,38.7,796.75,2026-09,611.45,5,-23.26,open
>30% / target,TATACOMM,2019-09,40.4,345.04,2020-06,484.36,9,40.38,target
>30% / target,TATAELXSI,2009-04,33.6,39.49,2009-05,52.75,1,33.58,target
>30% / target,TATAINVEST,2026-04,33.0,715.81,2026-09,620.05,5,-13.38,open
>30% / target,TATASTEEL,2008-12,43.5,13.04,2009-05,18.71,5,43.46,target
>30% / target,TTML,2008-11,45.4,16.63,2009-05,24.18,6,45.39,target
>30% / target,TTML,2019-05,41.4,3.92,2020-10,5.55,17,41.38,target
>30% / target,TTML,2026-04,36.9,42.93,2026-09,34.3,5,-20.1,open
>30% / target,TECHNOE,2009-03,30.4,64.92,2009-04,84.63,1,30.35,target
>30% / target,TECHNOE,2025-05,32.6,1391.1,2026-09,1008.75,16,-27.49,open
>30% / target,TEGA,2026-09,33.0,2106.7,2026-09,2106.7,0,0.0,open
>30% / target,TEJASNET,2019-11,33.2,98.94,2020-12,131.79,13,33.2,target
>30% / target,TEJASNET,2024-04,74.3,1140.25,2026-09,486.2,29,-57.36,open
>30% / target,THANGAMAYL,2014-06,39.3,87.47,2016-06,121.82,24,39.27,target
>30% / target,THANGAMAYL,2023-05,30.6,664.34,2023-07,867.96,2,30.65,target
>30% / target,THANGAMAYL,2024-06,38.8,1698.96,2024-09,2358.79,3,38.84,target
>30% / target,NIACL,2019-10,53.5,160.75,2023-11,246.67,49,53.45,target
>30% / target,NIACL,2026-04,36.3,159.29,2026-09,217.12,5,36.31,target
>30% / target,TITAGARH,2013-08,61.2,21.89,2014-04,35.28,8,61.18,target
>30% / target,TITAGARH,2026-04,33.7,767.48,2026-09,818.15,5,6.6,open
>30% / target,TITAN,2009-05,43.7,48.92,2009-12,70.29,7,43.67,target
>30% / target,TORNTPHARM,2005-12,30.9,38.43,2006-04,50.3,4,30.87,target
>30% / target,TORNTPHARM,2007-05,34.3,49.18,2009-10,66.03,29,34.27,target
>30% / target,TORNTPOWER,2009-04,33.1,69.84,2009-05,92.93,1,33.06,target
>30% / target,TARIL,2013-04,68.5,5.62,2014-05,9.46,13,68.47,target
>30% / target,TARIL,2015-12,43.1,13.41,2017-01,19.19,13,43.07,target
>30% / target,TARIL,2022-08,31.6,19.19,2022-09,25.25,1,31.62,target
>30% / target,TARIL,2026-02,31.3,309.86,2026-09,270.1,7,-12.83,open
>30% / target,TRENT,2007-12,48.8,62.01,2010-07,92.25,31,48.76,target
>30% / target,TRIDENT,2005-08,30.8,2.56,2015-08,3.35,120,30.84,target
>30% / target,TRITURBINE,2020-04,30.9,73.37,2021-02,96.06,10,30.94,target
>30% / target,TRITURBINE,2026-04,30.3,571.27,2026-05,744.53,1,30.33,target
>30% / target,UCOBANK,2019-11,30.5,17.14,2022-12,22.37,37,30.51,target
>30% / target,UNOMINDA,2007-09,30.8,4.89,2007-10,6.4,1,30.85,target
>30% / target,UNOMINDA,2015-11,66.5,27.74,2016-09,46.18,10,66.5,target
>30% / target,ULTRACEMCO,2008-12,43.3,350.21,2009-03,501.88,3,43.31,target
>30% / target,UNIONBANK,2012-01,34.4,162.78,2026-09,171.0,176,5.05,open
>30% / target,USHAMART,2012-01,34.1,29.82,2012-02,39.99,1,34.12,target
>30% / target,USHAMART,2020-06,39.6,18.84,2020-08,26.3,2,39.58,target
>30% / target,VBL,2020-11,33.1,76.24,2021-06,101.45,7,33.06,target
>30% / target,VBL,2026-04,34.0,513.13,2026-09,432.0,5,-15.81,open
>30% / target,VEDL,2007-09,31.2,36.68,2007-10,48.14,1,31.25,target
>30% / target,VEDL,2012-01,33.4,66.29,2014-05,88.43,28,33.38,target
>30% / target,VEDL,2020-04,38.4,38.96,2020-08,53.92,4,38.41,target
>30% / target,VIJAYA,2022-09,30.0,457.66,2023-10,595.16,13,30.04,target
>30% / target,VIJAYA,2026-04,31.1,1128.04,2026-08,1479.25,4,31.14,target
>30% / target,IDEA,2017-01,48.5,66.39,2026-09,12.95,116,-80.49,open
>30% / target,VOLTAS,2005-07,32.9,1.91,2005-08,2.53,1,32.91,target
>30% / target,VOLTAS,2012-01,31.2,85.94,2012-03,112.79,2,31.25,target
>30% / target,WELCORP,2008-12,35.8,87.46,2009-05,118.79,5,35.82,target
>30% / target,WELCORP,2013-10,42.1,35.59,2013-12,50.59,2,42.14,target
>30% / target,WELCORP,2015-04,55.8,70.65,2015-07,110.07,3,55.8,target
>30% / target,WELCORP,2018-08,33.4,143.6,2020-02,191.59,18,33.41,target
>30% / target,WELSPUNLIV,2018-08,32.2,70.91,2021-05,93.78,33,32.25,target
>30% / target,WELSPUNLIV,2023-04,37.6,86.36,2023-08,118.85,4,37.63,target
>30% / target,WOCKPHARMA,2010-08,59.0,188.03,2010-11,299.03,3,59.04,target
>30% / target,WOCKPHARMA,2023-06,39.7,235.45,2023-11,328.81,5,39.65,target
>30% / target,YESBANK,2019-10,70.0,70.4,2026-09,20.95,83,-70.24,open
>30% / target,ZEEL,2006-03,35.3,59.89,2006-09,81.05,6,35.33,target
>30% / target,ZEEL,2023-07,36.7,229.97,2026-09,74.47,38,-67.62,open
>30% / target,ZENTEC,2018-12,30.2,77.22,2021-01,100.57,25,30.23,target
>30% / target,ZENTEC,2026-04,30.7,1670.22,2026-09,1605.2,5,-3.89,open
>30% / target,ZENSARTECH,2018-04,42.0,222.72,2021-03,316.36,35,42.05,target
>30% / target,ZYDUSWELL,2013-05,36.0,112.21,2014-12,152.57,19,35.97,target
>30% / target,ECLERX,2026-07,39.3,1844.48,2026-09,1819.9,2,-1.33,open
>30% / ema,ABB,2012-01,39.9,688.23,2012-05,621.5,4,-9.7,close<EMA10
>30% / ema,AIAENG,2009-04,35.4,147.21,2011-02,283.42,22,92.53,close<EMA10
>30% / ema,AARTIIND,2008-07,41.3,7.65,2008-10,5.58,3,-27.07,close<EMA10
>30% / ema,ACE,2009-04,32.5,13.35,2009-11,25.71,7,92.58,close<EMA10
>30% / ema,ACE,2012-09,43.3,23.79,2012-10,22.53,1,-5.27,close<EMA10
>30% / ema,ACE,2017-10,31.7,84.2,2018-06,121.86,8,44.72,close<EMA10
>30% / ema,ACE,2019-03,42.4,111.1,2019-04,95.78,1,-13.79,close<EMA10
>30% / ema,ADANIENSOL,2020-06,49.6,260.2,2020-07,235.85,1,-9.36,close<EMA10
>30% / ema,ADANIENSOL,2023-03,54.5,993.05,2023-04,1029.45,1,3.67,close<EMA10
>30% / ema,ADANIENSOL,2025-03,34.0,872.0,2025-05,867.2,2,-0.55,close<EMA10
>30% / ema,ADANIENT,2009-04,58.1,26.71,2011-01,72.62,21,171.9,close<EMA10
>30% / ema,ADANIENT,2012-01,41.7,54.04,2012-02,48.69,1,-9.89,close<EMA10
>30% / ema,ADANIENT,2013-10,47.5,29.37,2015-06,46.62,20,58.73,close<EMA10
>30% / ema,ADANIENT,2026-04,36.9,2407.32,2026-09,2903.4,5,20.61,open
>30% / ema,ADANIGREEN,2023-03,81.6,881.15,2023-04,951.0,1,7.93,close<EMA10
>30% / ema,ADANIPOWER,2012-09,33.0,10.59,2012-10,9.64,1,-8.97,close<EMA10
>30% / ema,ADANIPOWER,2018-07,94.1,6.27,2018-09,4.76,2,-24.08,close<EMA10
>30% / ema,ADANIPOWER,2023-03,31.0,38.32,2023-04,44.97,1,17.35,close<EMA10
>30% / ema,ADANIPOWER,2026-04,47.5,221.85,2026-09,204.0,5,-8.05,open
>30% / ema,ABCAPITAL,2019-11,33.7,109.45,2020-02,77.5,3,-29.19,close<EMA10
>30% / ema,ABCAPITAL,2024-04,31.9,231.4,2024-10,203.23,6,-12.17,close<EMA10
>30% / ema,ABREL,2020-01,35.0,627.47,2020-02,493.59,1,-21.34,close<EMA10
>30% / ema,AEGISLOG,2006-08,33.5,7.38,2006-09,7.96,1,7.78,close<EMA10
>30% / ema,AEGISLOG,2008-12,40.3,3.31,2009-01,2.9,1,-12.38,close<EMA10
>30% / ema,AEGISLOG,2012-01,57.2,13.66,2012-02,13.23,1,-3.13,close<EMA10
>30% / ema,AEGISLOG,2012-09,34.8,13.41,2013-02,11.02,5,-17.79,close<EMA10
>30% / ema,ARE&M,2026-04,30.1,869.34,2026-05,880.82,1,1.32,close<EMA10
>30% / ema,AMBUJACEM,2008-12,34.2,51.81,2009-01,52.4,1,1.14,close<EMA10
>30% / ema,ANANTRAJ,2007-09,31.0,105.97,2007-12,122.53,3,15.63,close<EMA10
>30% / ema,ANANTRAJ,2012-09,63.0,27.5,2013-02,23.94,5,-12.94,close<EMA10
>30% / ema,ANANTRAJ,2013-10,33.9,21.19,2013-11,18.46,1,-12.89,close<EMA10
>30% / ema,ANANTRAJ,2020-06,51.0,9.39,2020-07,8.87,1,-5.52,close<EMA10
>30% / ema,ANANTRAJ,2022-07,45.1,73.36,2025-01,596.6,30,713.22,close<EMA10
>30% / ema,ANGELONE,2025-05,32.4,297.81,2025-07,255.16,2,-14.32,close<EMA10
>30% / ema,ANURAS,2022-07,30.6,790.79,2022-09,746.88,2,-5.55,close<EMA10
>30% / ema,ANURAS,2023-03,34.1,861.27,2023-09,881.81,6,2.39,close<EMA10
>30% / ema,APARINDS,2009-05,63.0,103.99,2010-09,144.72,16,39.16,close<EMA10
>30% / ema,APARINDS,2025-05,44.8,8038.34,2025-08,7705.25,3,-4.14,close<EMA10
>30% / ema,APARINDS,2026-02,39.9,11141.82,2026-09,17384.0,7,56.02,open
>30% / ema,APTUS,2026-04,33.7,257.73,2026-05,260.3,1,1.0,close<EMA10
>30% / ema,ASAHIINDIA,2006-09,32.5,110.09,2007-04,111.65,7,1.42,close<EMA10
>30% / ema,ASAHIINDIA,2009-05,49.4,59.22,2010-03,57.0,10,-3.74,close<EMA10
>30% / ema,ASHOKLEY,2005-07,30.1,4.48,2006-07,5.51,12,22.94,close<EMA10
>30% / ema,ASTERDM,2020-06,38.0,93.54,2021-02,108.19,8,15.66,close<EMA10
>30% / ema,ASTERDM,2021-08,31.1,161.77,2021-12,131.26,4,-18.86,close<EMA10
>30% / ema,ASTRAL,2009-04,72.6,2.69,2011-01,11.84,21,340.3,close<EMA10
>30% / ema,AUROPHARMA,2012-01,35.1,52.85,2012-02,51.51,1,-2.52,close<EMA10
>30% / ema,AUROPHARMA,2020-04,51.5,604.8,2021-08,707.64,16,17.0,close<EMA10
>30% / ema,BEML,2013-10,33.9,72.38,2013-11,70.57,1,-2.5,close<EMA10
>30% / ema,BEML,2026-04,31.9,1793.15,2026-05,1710.05,1,-4.63,close<EMA10
>30% / ema,BSE,2020-04,31.7,39.33,2020-05,38.04,1,-3.29,close<EMA10
>30% / ema,BAJFINANCE,2007-12,32.7,3.78,2008-03,2.87,3,-23.96,close<EMA10
>30% / ema,BAJFINANCE,2020-06,44.9,275.62,2022-04,650.6,22,136.05,close<EMA10
>30% / ema,BAJFINANCE,2022-07,33.5,705.56,2022-11,657.78,4,-6.77,close<EMA10
>30% / ema,BAJAJFINSV,2012-02,42.9,62.24,2013-03,76.32,13,22.62,close<EMA10
>30% / ema,BAJAJFINSV,2022-07,37.7,1501.01,2022-12,1543.99,5,2.86,close<EMA10
>30% / ema,BAJAJHLDNG,2008-08,39.9,328.85,2008-09,303.8,1,-7.62,close<EMA10
>30% / ema,BALRAMCHIN,2008-12,54.5,39.73,2009-01,48.31,1,21.6,close<EMA10
>30% / ema,BANKBARODA,2009-04,35.6,45.68,2011-08,112.52,28,146.33,close<EMA10
>30% / ema,BANKBARODA,2013-10,30.3,104.05,2014-01,90.34,3,-13.18,close<EMA10
>30% / ema,BANKBARODA,2018-07,36.1,131.69,2018-09,85.44,2,-35.12,close<EMA10
>30% / ema,BANKINDIA,2017-04,34.1,159.01,2017-09,117.08,5,-26.37,close<EMA10
>30% / ema,BANKINDIA,2020-06,55.2,41.54,2020-07,40.05,1,-3.59,close<EMA10
>30% / ema,MAHABANK,2014-03,34.2,33.09,2014-09,35.1,6,6.06,close<EMA10
>30% / ema,BEL,2008-12,33.2,5.69,2009-01,6.29,1,10.53,close<EMA10
>30% / ema,BHARATFORG,2007-10,31.8,160.32,2007-11,133.34,1,-16.83,close<EMA10
>30% / ema,BHARATFORG,2020-04,31.6,297.49,2020-05,313.7,1,5.45,close<EMA10
>30% / ema,BHARATFORG,2026-02,32.7,1905.42,2026-09,1926.0,7,1.08,open
>30% / ema,BHEL,2009-05,31.6,235.24,2010-11,241.22,18,2.54,close<EMA10
>30% / ema,BIOCON,2008-12,31.6,17.02,2009-01,14.79,1,-13.08,close<EMA10
>30% / ema,BBOX,2008-12,33.0,7.74,2009-01,6.24,1,-19.48,close<EMA10
>30% / ema,BBOX,2011-09,44.9,15.62,2011-10,14.4,1,-7.85,close<EMA10
>30% / ema,BBOX,2013-07,69.6,19.15,2013-08,18.14,1,-5.31,close<EMA10
>30% / ema,BBOX,2026-04,43.0,638.73,2026-09,804.8,5,26.0,open
>30% / ema,BLUESTARCO,2014-03,34.0,87.56,2015-04,135.17,13,54.39,close<EMA10
>30% / ema,BRIGADE,2012-01,46.3,26.29,2012-03,24.6,2,-6.44,close<EMA10
>30% / ema,BRIGADE,2017-03,35.1,110.02,2018-03,117.82,12,7.09,close<EMA10
>30% / ema,BRIGADE,2020-06,35.5,100.16,2020-07,103.48,1,3.31,close<EMA10
>30% / ema,CESC,2020-04,60.6,48.25,2020-05,40.62,1,-15.8,close<EMA10
>30% / ema,CGPOWER,2020-04,57.4,7.85,2020-05,5.93,1,-24.53,close<EMA10
>30% / ema,CIEINDIA,2014-02,61.0,76.61,2016-01,221.6,23,189.28,close<EMA10
>30% / ema,CIEINDIA,2020-04,38.2,89.68,2020-05,88.36,1,-1.47,close<EMA10
>30% / ema,CRISIL,2021-06,31.0,2367.14,2022-10,2841.51,16,20.04,close<EMA10
>30% / ema,CANBK,2012-09,35.6,63.68,2012-10,59.17,1,-7.08,close<EMA10
>30% / ema,CGCL,2012-11,42.1,25.46,2013-03,19.5,4,-23.39,close<EMA10
>30% / ema,CGCL,2016-07,45.1,35.37,2018-03,83.02,20,134.75,close<EMA10
>30% / ema,CGCL,2018-08,34.7,106.38,2020-03,161.02,19,51.37,close<EMA10
>30% / ema,CARTRADE,2026-06,55.2,2693.0,2026-09,2899.8,3,7.68,open
>30% / ema,CASTROLIND,2007-12,33.7,21.78,2008-01,16.65,1,-23.55,close<EMA10
>30% / ema,CEATLTD,2009-04,56.2,43.41,2010-05,105.39,13,142.75,close<EMA10
>30% / ema,CEATLTD,2015-07,38.2,812.08,2016-01,843.75,6,3.9,close<EMA10
>30% / ema,CEMPRO,2009-04,38.6,9.58,2009-11,15.87,7,65.55,close<EMA10
>30% / ema,CEMPRO,2014-05,59.8,23.77,2018-02,174.62,45,634.77,close<EMA10
>30% / ema,CEMPRO,2025-05,46.6,711.21,2026-01,637.82,8,-10.32,close<EMA10
>30% / ema,CEMPRO,2026-04,59.6,813.17,2026-09,1192.2,5,46.61,open
>30% / ema,CHAMBLFERT,2007-08,42.3,30.59,2008-01,28.35,5,-7.33,close<EMA10
>30% / ema,CHENNPETRO,2015-04,33.6,67.32,2016-02,127.04,10,88.72,close<EMA10
>30% / ema,CHENNPETRO,2020-06,41.7,64.88,2020-07,66.63,1,2.71,close<EMA10
>30% / ema,CHENNPETRO,2025-03,36.2,580.48,2025-04,577.84,1,-0.46,close<EMA10
>30% / ema,CHOLAHLDNG,2008-11,49.4,19.53,2008-12,19.37,1,-0.83,close<EMA10
>30% / ema,CHOLAFIN,2008-12,42.0,7.69,2009-01,6.16,1,-19.95,close<EMA10
>30% / ema,CHOLAFIN,2012-01,35.3,28.1,2013-06,45.16,17,60.71,close<EMA10
>30% / ema,CHOLAFIN,2020-06,33.7,186.84,2020-07,199.77,1,6.92,close<EMA10
>30% / ema,CIPLA,2020-04,39.4,562.62,2022-06,880.06,26,56.42,close<EMA10
>30% / ema,COCHINSHIP,2020-06,33.6,124.42,2021-08,159.55,14,28.24,close<EMA10
>30% / ema,COCHINSHIP,2026-04,45.3,1731.45,2026-05,1465.75,1,-15.35,close<EMA10
>30% / ema,COFORGE,2008-04,39.1,18.18,2008-05,18.47,1,1.59,close<EMA10
>30% / ema,COHANCE,2024-06,30.2,804.0,2025-05,1047.7,11,30.31,close<EMA10
>30% / ema,COHANCE,2026-04,60.3,483.25,2026-05,431.5,1,-10.71,close<EMA10
>30% / ema,CRAFTSMAN,2024-06,31.0,5530.13,2024-10,5088.65,4,-7.98,close<EMA10
>30% / ema,CYIENT,2009-04,68.2,49.84,2010-08,111.12,16,122.94,close<EMA10
>30% / ema,DEEPAKFERT,2022-01,53.0,542.48,2022-12,687.69,11,26.77,close<EMA10
>30% / ema,DEEPAKFERT,2026-04,39.2,1256.68,2026-09,1351.0,5,7.51,open
>30% / ema,DEVYANI,2026-04,31.9,124.73,2026-05,115.36,1,-7.51,close<EMA10
>30% / ema,DIXON,2023-05,33.0,3870.26,2025-03,13163.51,22,240.12,close<EMA10
>30% / ema,EIDPARRY,2015-10,32.3,158.28,2016-02,153.77,4,-2.85,close<EMA10
>30% / ema,ELECON,2009-04,38.0,17.08,2010-02,30.89,10,80.89,close<EMA10
>30% / ema,ELECON,2026-04,42.8,505.21,2026-07,419.05,3,-17.05,close<EMA10
>30% / ema,ELGIEQUIP,2009-05,36.8,10.43,2011-08,32.2,27,208.74,close<EMA10
>30% / ema,ELGIEQUIP,2021-11,38.3,270.36,2023-01,374.29,14,38.44,close<EMA10
>30% / ema,EMAMILTD,2009-05,66.8,44.11,2011-02,94.79,21,114.88,close<EMA10
>30% / ema,EMCURE,2025-05,30.1,1324.58,2025-09,1277.42,4,-3.56,close<EMA10
>30% / ema,ESCORTS,2014-09,34.2,142.33,2014-12,120.37,3,-15.43,close<EMA10
>30% / ema,EXIDEIND,2006-08,30.4,28.38,2008-06,52.81,22,86.09,close<EMA10
>30% / ema,FACT,2012-01,46.1,33.34,2012-03,30.1,2,-9.72,close<EMA10
>30% / ema,FACT,2014-05,51.3,31.0,2015-03,28.01,10,-9.65,close<EMA10
>30% / ema,FSL,2012-01,37.7,6.51,2012-03,7.4,2,13.69,close<EMA10
>30% / ema,FORCEMOT,2025-03,35.6,9000.22,2026-06,18527.29,15,105.85,close<EMA10
>30% / ema,FORTIS,2009-05,45.5,98.42,2010-11,147.56,18,49.92,close<EMA10
>30% / ema,FORTIS,2015-02,41.1,159.67,2015-10,153.97,8,-3.57,close<EMA10
>30% / ema,GVT&D,2007-10,31.8,2.93,2008-11,128.34,13,4284.86,close<EMA10
>30% / ema,GMRAIRPORT,2012-01,39.5,25.58,2012-02,24.92,1,-2.56,close<EMA10
>30% / ema,GALLANTT,2009-04,31.9,13.37,2009-10,14.84,6,10.99,close<EMA10
>30% / ema,GALLANTT,2011-10,77.0,29.84,2011-12,18.03,2,-39.57,close<EMA10
>30% / ema,GALLANTT,2012-06,39.5,23.86,2013-02,23.86,8,0.0,close<EMA10
>30% / ema,GALLANTT,2015-12,42.4,34.74,2017-05,39.19,17,12.83,close<EMA10
>30% / ema,GRSE,2020-06,51.2,194.61,2021-01,164.89,7,-15.27,close<EMA10
>30% / ema,GRSE,2025-03,34.2,1669.15,2026-02,2427.13,11,45.41,close<EMA10
>30% / ema,GILLETTE,2007-12,59.5,1071.34,2008-01,720.25,1,-32.77,close<EMA10
>30% / ema,GLAXO,2008-02,35.8,357.43,2008-03,335.57,1,-6.12,close<EMA10
>30% / ema,GLENMARK,2020-04,63.7,329.06,2021-08,520.33,16,58.13,close<EMA10
>30% / ema,GPIL,2012-01,39.0,23.99,2012-02,25.16,1,4.88,close<EMA10
>30% / ema,GODFRYPHLP,2006-11,34.2,69.23,2007-02,61.64,3,-10.96,close<EMA10
>30% / ema,GODFRYPHLP,2011-06,34.4,150.97,2011-12,135.32,6,-10.37,close<EMA10
>30% / ema,GODFRYPHLP,2014-02,30.1,182.68,2014-06,156.27,4,-14.46,close<EMA10
>30% / ema,GODREJIND,2008-07,32.6,163.69,2008-08,158.72,1,-3.04,close<EMA10
>30% / ema,GRANULES,2006-08,42.7,8.57,2006-10,7.39,2,-13.76,close<EMA10
>30% / ema,GRANULES,2013-04,37.9,11.99,2013-06,9.72,2,-18.88,close<EMA10
>30% / ema,GRAPHITE,2017-01,33.9,75.62,2018-12,613.33,23,711.11,close<EMA10
>30% / ema,GRASIM,2008-12,37.6,163.35,2009-01,160.13,1,-1.97,close<EMA10
>30% / ema,GMDCLTD,2008-12,59.5,26.93,2009-01,26.04,1,-3.29,close<EMA10
>30% / ema,HBLENGINE,2016-10,42.5,42.4,2016-12,33.93,2,-19.98,close<EMA10
>30% / ema,HFCL,2007-09,31.9,26.35,2008-01,25.23,4,-4.28,close<EMA10
>30% / ema,HFCL,2026-04,71.0,115.92,2026-09,227.02,5,95.84,open
>30% / ema,HAVELLS,2009-03,36.1,12.39,2009-04,12.96,1,4.61,close<EMA10
>30% / ema,HEROMOTOCO,2020-04,35.7,1746.45,2021-04,2339.56,12,33.96,close<EMA10
>30% / ema,HSCL,2020-04,69.1,49.11,2020-05,43.3,1,-11.85,close<EMA10
>30% / ema,HINDALCO,2009-03,34.8,44.98,2009-04,46.45,1,3.27,close<EMA10
>30% / ema,HINDALCO,2014-03,34.6,129.75,2015-01,128.64,10,-0.85,close<EMA10
>30% / ema,HINDALCO,2020-04,36.1,124.36,2020-05,132.62,1,6.64,close<EMA10
>30% / ema,HAL,2025-03,35.3,4120.77,2025-08,4288.21,5,4.06,close<EMA10
>30% / ema,HINDCOPPER,2012-01,66.8,284.58,2012-05,231.02,4,-18.82,close<EMA10
>30% / ema,HINDPETRO,2023-11,40.3,200.63,2025-01,328.57,14,63.77,close<EMA10
>30% / ema,HINDZINC,2009-03,40.0,15.3,2010-05,33.2,14,117.08,close<EMA10
>30% / ema,HINDZINC,2024-04,46.1,389.36,2024-12,427.53,8,9.8,close<EMA10
>30% / ema,HONAUT,2012-01,34.9,2245.19,2012-07,2351.61,6,4.74,close<EMA10
>30% / ema,HUDCO,2026-04,38.4,217.74,2026-05,200.62,1,-7.86,close<EMA10
>30% / ema,ICICIBANK,2012-01,31.8,139.42,2012-03,137.57,2,-1.32,close<EMA10
>30% / ema,IFCI,2012-01,31.4,24.35,2012-05,29.18,4,19.86,close<EMA10
>30% / ema,IIFL,2019-03,30.5,222.6,2019-04,224.08,1,0.66,close<EMA10
>30% / ema,IIFL,2019-11,47.9,157.57,2019-12,130.92,1,-16.91,close<EMA10
>30% / ema,IRB,2020-01,43.0,4.96,2020-02,3.91,1,-21.16,close<EMA10
>30% / ema,IRB,2021-06,42.7,7.84,2022-06,9.83,12,25.31,close<EMA10
>30% / ema,ITC,2009-07,33.1,47.51,2014-06,138.95,59,192.5,close<EMA10
>30% / ema,ITI,2012-01,31.1,23.4,2012-03,23.7,2,1.28,close<EMA10
>30% / ema,INDIACEM,2024-06,43.6,293.57,2025-01,264.1,7,-10.04,close<EMA10
>30% / ema,INDIANB,2008-08,31.9,78.01,2008-09,79.52,1,1.93,close<EMA10
>30% / ema,INDIANB,2016-03,36.6,84.88,2016-04,79.65,1,-6.16,close<EMA10
>30% / ema,INDHOTEL,2020-08,35.8,98.78,2020-09,90.5,1,-8.39,close<EMA10
>30% / ema,IOB,2020-06,67.1,12.2,2020-09,9.2,3,-24.59,close<EMA10
>30% / ema,IRFC,2022-11,49.2,31.08,2024-11,145.62,24,368.59,close<EMA10
>30% / ema,INDUSTOWER,2019-11,45.7,223.17,2020-01,202.78,2,-9.14,close<EMA10
>30% / ema,INDUSTOWER,2021-09,43.3,281.27,2021-12,226.23,3,-19.57,close<EMA10
>30% / ema,INDUSINDBK,2022-07,31.4,1011.04,2023-01,1057.72,6,4.62,close<EMA10
>30% / ema,INTELLECT,2023-05,31.4,572.84,2024-10,724.87,17,26.54,close<EMA10
>30% / ema,JKCEMENT,2014-03,42.5,220.77,2015-12,538.57,21,143.95,close<EMA10
>30% / ema,JKCEMENT,2016-03,41.2,630.45,2016-04,553.69,1,-12.18,close<EMA10
>30% / ema,JKTYRE,2013-10,39.1,20.84,2015-06,69.49,20,233.41,close<EMA10
>30% / ema,JSWENERGY,2012-01,42.9,43.96,2012-04,39.96,3,-9.08,close<EMA10
>30% / ema,JSWSTEEL,2013-09,34.8,63.77,2014-12,92.37,15,44.85,close<EMA10
>30% / ema,JPPOWER,2012-09,38.0,35.25,2013-01,34.95,4,-0.85,close<EMA10
>30% / ema,JPPOWER,2018-08,64.2,4.35,2018-09,2.4,1,-44.83,close<EMA10
>30% / ema,JPPOWER,2019-04,54.1,2.85,2019-05,2.45,1,-14.04,close<EMA10
>30% / ema,JPPOWER,2019-12,34.8,1.55,2020-02,1.25,2,-19.35,close<EMA10
>30% / ema,JPPOWER,2023-08,31.1,8.0,2025-01,16.33,17,104.12,close<EMA10
>30% / ema,JPPOWER,2026-04,40.5,19.72,2026-06,17.67,2,-10.4,close<EMA10
>30% / ema,J&KBANK,2012-10,31.3,106.39,2013-07,101.49,9,-4.61,close<EMA10
>30% / ema,J&KBANK,2019-03,39.5,51.3,2019-06,38.45,3,-25.05,close<EMA10
>30% / ema,JINDALSAW,2015-07,30.3,31.53,2015-08,27.36,1,-13.23,close<EMA10
>30% / ema,JINDALSTEL,2015-10,32.2,78.89,2015-11,89.47,1,13.41,close<EMA10
>30% / ema,JUBLINGREA,2026-04,31.3,711.35,2026-05,644.03,1,-9.46,close<EMA10
>30% / ema,JWL,2020-06,51.8,12.66,2020-07,11.86,1,-6.27,close<EMA10
>30% / ema,JYOTICNC,2026-06,30.1,775.1,2026-07,808.65,1,4.33,close<EMA10
>30% / ema,KPRMILL,2009-04,52.4,2.3,2011-01,13.35,21,480.91,close<EMA10
>30% / ema,KPRMILL,2016-03,31.1,80.07,2017-11,138.24,20,72.64,close<EMA10
>30% / ema,KEI,2012-01,30.3,15.84,2012-03,15.56,2,-1.76,close<EMA10
>30% / ema,KPITTECH,2020-04,58.2,53.83,2020-05,47.55,1,-11.66,close<EMA10
>30% / ema,KSB,2009-03,30.6,21.14,2009-04,18.58,1,-12.11,close<EMA10
>30% / ema,KAJARIACER,2009-05,35.1,15.43,2013-03,84.55,46,447.93,close<EMA10
>30% / ema,KPIL,2009-03,40.9,53.08,2009-04,63.66,1,19.94,close<EMA10
>30% / ema,KPIL,2012-09,35.8,75.04,2012-10,75.3,1,0.34,close<EMA10
>30% / ema,KPIL,2013-10,33.6,67.75,2016-01,175.45,27,158.95,close<EMA10
>30% / ema,KEC,2008-12,33.6,27.47,2009-01,26.8,1,-2.46,close<EMA10
>30% / ema,KEC,2012-01,52.3,46.47,2012-04,49.59,3,6.74,close<EMA10
>30% / ema,KIRLOSBROS,2011-04,39.8,163.64,2011-05,128.22,1,-21.64,close<EMA10
>30% / ema,KIRLOSBROS,2025-06,30.1,2340.41,2025-10,1867.4,4,-20.21,close<EMA10
>30% / ema,KIRLOSENG,2020-04,30.6,105.14,2020-05,94.9,1,-9.74,close<EMA10
>30% / ema,KOTAKBANK,2009-04,36.5,18.97,2011-01,38.03,21,100.5,close<EMA10
>30% / ema,LTFOODS,2008-07,35.7,4.84,2008-08,4.39,1,-9.24,close<EMA10
>30% / ema,LT,2009-04,31.0,308.57,2010-01,503.38,9,63.13,close<EMA10
>30% / ema,LT,2012-01,31.8,470.87,2012-02,469.88,1,-0.21,close<EMA10
>30% / ema,LINDEINDIA,2010-06,41.2,272.65,2011-01,246.0,7,-9.77,close<EMA10
>30% / ema,LINDEINDIA,2018-11,54.3,658.56,2019-01,461.55,2,-29.92,close<EMA10
>30% / ema,LODHA,2026-04,32.6,894.76,2026-05,934.82,1,4.48,close<EMA10
>30% / ema,LUPIN,2020-04,41.7,802.25,2021-08,931.12,16,16.06,close<EMA10
>30% / ema,MMTC,2012-01,65.5,569.02,2012-03,500.53,2,-12.04,close<EMA10
>30% / ema,MMTC,2025-05,52.6,85.77,2025-07,64.63,2,-24.65,close<EMA10
>30% / ema,MGL,2020-11,30.6,919.94,2021-09,954.91,10,3.8,close<EMA10
>30% / ema,M&MFIN,2008-12,40.8,23.79,2009-01,18.35,1,-22.84,close<EMA10
>30% / ema,MRPL,2022-04,77.3,71.11,2022-09,57.23,5,-19.53,close<EMA10
>30% / ema,MARUTI,2013-04,30.3,1485.1,2013-07,1179.73,3,-20.56,close<EMA10
>30% / ema,MFSL,2016-06,49.6,531.11,2017-10,587.0,16,10.52,close<EMA10
>30% / ema,MAZDOCK,2026-04,32.3,2728.27,2026-05,2452.07,1,-10.12,close<EMA10
>30% / ema,MOTILALOFS,2012-01,40.6,102.78,2012-03,96.23,2,-6.37,close<EMA10
>30% / ema,MPHASIS,2013-05,30.2,331.03,2013-06,252.72,1,-23.66,close<EMA10
>30% / ema,MCX,2016-09,37.6,238.74,2017-02,197.57,5,-17.24,close<EMA10
>30% / ema,MUTHOOTFIN,2013-08,48.9,81.86,2013-09,67.71,1,-17.29,close<EMA10
>30% / ema,NATCOPHARM,2013-07,36.4,110.28,2016-02,382.53,31,246.86,close<EMA10
>30% / ema,NCC,2013-10,44.4,13.71,2013-11,13.39,1,-2.32,close<EMA10
>30% / ema,NCC,2020-04,38.7,23.71,2020-05,20.93,1,-11.73,close<EMA10
>30% / ema,NHPC,2014-05,30.5,13.75,2014-09,10.93,4,-20.51,close<EMA10
>30% / ema,NLCINDIA,2008-12,36.0,32.54,2009-01,39.22,1,20.54,close<EMA10
>30% / ema,NLCINDIA,2022-04,30.8,74.48,2022-06,57.96,2,-22.19,close<EMA10
>30% / ema,NTPC,2014-05,37.9,87.65,2015-05,75.92,12,-13.39,close<EMA10
>30% / ema,NATIONALUM,2009-05,68.0,41.03,2010-11,41.31,18,0.68,close<EMA10
>30% / ema,NAVA,2006-03,63.3,12.49,2007-02,17.04,11,36.46,close<EMA10
>30% / ema,NAVA,2014-05,38.1,44.89,2014-12,39.78,7,-11.39,close<EMA10
>30% / ema,NETWEB,2025-05,41.6,1995.44,2025-06,1841.82,1,-7.7,close<EMA10
>30% / ema,NEULANDLAB,2017-03,63.7,1462.72,2017-09,960.6,6,-34.33,close<EMA10
>30% / ema,NEULANDLAB,2020-04,57.3,438.26,2020-05,384.34,1,-12.3,close<EMA10
>30% / ema,NAM-INDIA,2019-02,33.7,147.91,2020-03,207.2,13,40.08,close<EMA10
>30% / ema,OLAELEC,2025-08,30.8,54.05,2025-09,56.95,1,5.37,close<EMA10
>30% / ema,OLAELEC,2026-04,60.4,36.56,2026-07,38.66,3,5.74,close<EMA10
>30% / ema,OLECTRA,2006-12,35.7,18.48,2007-06,18.66,6,1.0,close<EMA10
>30% / ema,OLECTRA,2012-01,55.1,14.14,2012-02,12.86,1,-9.06,close<EMA10
>30% / ema,OLECTRA,2014-04,36.7,10.03,2015-08,13.32,16,32.84,close<EMA10
>30% / ema,OLECTRA,2018-08,48.1,233.24,2019-04,209.49,8,-10.18,close<EMA10
>30% / ema,OLECTRA,2020-04,43.4,70.41,2020-05,57.19,1,-18.78,close<EMA10
>30% / ema,OFSS,2009-01,32.8,322.0,2009-02,380.33,1,18.11,close<EMA10
>30% / ema,OFSS,2024-01,54.8,5864.1,2025-01,8461.36,12,44.29,close<EMA10
>30% / ema,OFSS,2026-04,44.5,9455.61,2026-09,10630.0,5,12.42,open
>30% / ema,PCBL,2009-04,37.7,2.98,2009-06,3.85,2,29.1,close<EMA10
>30% / ema,PGEL,2016-06,55.5,17.52,2016-11,13.65,5,-22.09,close<EMA10
>30% / ema,PGEL,2019-12,56.4,5.68,2020-03,2.7,3,-52.51,close<EMA10
>30% / ema,PIIND,2020-04,35.9,1557.18,2022-01,2389.71,21,53.46,close<EMA10
>30% / ema,PNBHOUSING,2026-04,38.5,1037.55,2026-09,1120.0,5,7.95,open
>30% / ema,PVRINOX,2007-11,46.9,248.1,2008-03,170.83,4,-31.15,close<EMA10
>30% / ema,PVRINOX,2008-12,47.8,90.14,2009-01,81.93,1,-9.1,close<EMA10
>30% / ema,PVRINOX,2015-07,32.9,820.7,2016-01,734.15,6,-10.55,close<EMA10
>30% / ema,PATANJALI,2016-03,38.0,1061.3,2016-04,922.37,1,-13.09,close<EMA10
>30% / ema,PATANJALI,2018-12,46.7,289.15,2019-01,222.92,1,-22.91,close<EMA10
>30% / ema,POLYMED,2013-10,34.0,75.88,2015-08,187.05,22,146.51,close<EMA10
>30% / ema,PFC,2008-07,31.7,22.26,2008-08,22.36,1,0.45,close<EMA10
>30% / ema,PRESTIGE,2012-02,38.6,96.71,2012-03,92.56,1,-4.3,close<EMA10
>30% / ema,PRESTIGE,2012-09,30.6,126.81,2013-06,142.92,9,12.71,close<EMA10
>30% / ema,PFOCUS,2007-04,34.8,56.39,2008-01,92.27,9,63.62,close<EMA10
>30% / ema,PFOCUS,2009-04,34.1,11.25,2009-05,19.04,1,69.24,close<EMA10
>30% / ema,RBLBANK,2020-06,44.0,170.13,2020-07,166.26,1,-2.28,close<EMA10
>30% / ema,RECLTD,2008-12,32.8,9.21,2009-01,10.12,1,9.88,close<EMA10
>30% / ema,RADICO,2007-07,31.8,167.1,2007-11,134.16,4,-19.71,close<EMA10
>30% / ema,RADICO,2013-08,30.1,113.22,2014-04,99.75,8,-11.9,close<EMA10
>30% / ema,RADICO,2026-04,30.2,3415.52,2026-09,4366.0,5,27.83,open
>30% / ema,RAILTEL,2025-05,34.6,393.39,2025-07,362.79,2,-7.78,close<EMA10
>30% / ema,RAILTEL,2026-04,31.5,322.13,2026-05,313.92,1,-2.55,close<EMA10
>30% / ema,RKFORGE,2009-04,34.1,6.55,2009-05,11.35,1,73.2,close<EMA10
>30% / ema,RKFORGE,2013-04,44.6,18.91,2013-05,15.41,1,-18.5,close<EMA10
>30% / ema,RKFORGE,2017-01,35.6,74.79,2018-06,130.71,17,74.77,close<EMA10
>30% / ema,RKFORGE,2024-06,33.6,886.11,2025-01,781.34,7,-11.82,close<EMA10
>30% / ema,RELIANCE,2020-04,31.6,652.8,2021-01,831.35,9,27.35,close<EMA10
>30% / ema,RPOWER,2017-12,32.2,50.25,2018-03,36.1,3,-28.16,close<EMA10
>30% / ema,RPOWER,2022-08,35.5,16.8,2022-12,14.35,4,-14.58,close<EMA10
>30% / ema,RPOWER,2026-04,40.5,28.61,2026-05,27.64,1,-3.39,close<EMA10
>30% / ema,SHRIPISTON,2017-05,33.7,760.54,2018-01,837.29,8,10.09,close<EMA10
>30% / ema,SHRIPISTON,2020-04,37.6,262.44,2020-05,248.67,1,-5.25,close<EMA10
>30% / ema,SHRIPISTON,2025-05,37.4,2456.83,2026-09,4653.7,16,89.42,open
>30% / ema,MOTHERSON,2022-01,30.8,77.62,2022-03,60.3,2,-22.31,close<EMA10
>30% / ema,SARDAEN,2012-01,57.0,9.66,2012-02,9.89,1,2.44,close<EMA10
>30% / ema,SCHAEFFLER,2010-07,34.7,139.94,2011-12,191.61,17,36.92,close<EMA10
>30% / ema,SCHNEIDER,2025-05,30.7,752.15,2025-11,716.35,6,-4.76,close<EMA10
>30% / ema,SCHNEIDER,2026-02,30.8,906.45,2026-09,1203.4,7,32.76,open
>30% / ema,SCI,2012-01,36.2,60.42,2012-02,64.48,1,6.71,close<EMA10
>30% / ema,SCI,2019-09,54.5,39.84,2020-02,41.45,5,4.05,close<EMA10
>30% / ema,SHRIRAMFIN,2012-01,38.5,94.31,2012-02,88.58,1,-6.08,close<EMA10
>30% / ema,SIEMENS,2007-10,45.7,458.77,2008-03,288.49,5,-37.12,close<EMA10
>30% / ema,SIEMENS,2008-07,41.8,256.31,2008-08,256.5,1,0.07,close<EMA10
>30% / ema,SOBHA,2017-10,30.9,470.52,2018-06,407.88,8,-13.31,close<EMA10
>30% / ema,SOLARINDS,2009-04,32.0,49.59,2009-06,49.79,2,0.41,close<EMA10
>30% / ema,STARHEALTH,2022-07,52.9,747.2,2022-09,706.25,2,-5.48,close<EMA10
>30% / ema,SAIL,2017-10,45.4,64.33,2018-03,57.9,5,-10.0,close<EMA10
>30% / ema,SAIL,2020-04,38.2,26.69,2020-05,25.26,1,-5.34,close<EMA10
>30% / ema,STLTECH,2005-08,66.5,20.63,2005-10,12.79,2,-37.99,close<EMA10
>30% / ema,STLTECH,2008-12,37.6,11.12,2009-01,11.12,1,0.0,close<EMA10
>30% / ema,STLTECH,2012-01,39.0,34.85,2012-02,37.41,1,7.36,close<EMA10
>30% / ema,STLTECH,2019-09,37.7,151.64,2019-10,126.06,1,-16.87,close<EMA10
>30% / ema,STLTECH,2020-04,40.4,86.27,2020-05,92.05,1,6.7,close<EMA10
>30% / ema,STLTECH,2026-02,49.7,159.18,2026-09,909.9,7,471.62,open
>30% / ema,SUNTV,2008-12,42.0,111.91,2009-01,101.89,1,-8.95,close<EMA10
>30% / ema,SUNTV,2017-02,35.6,552.37,2017-08,544.82,6,-1.37,close<EMA10
>30% / ema,SUPREMEIND,2009-04,51.7,24.1,2011-11,144.97,31,501.5,close<EMA10
>30% / ema,SUZLON,2008-12,49.6,57.2,2009-01,43.39,1,-24.16,close<EMA10
>30% / ema,SUZLON,2012-01,55.6,25.71,2012-02,24.42,1,-5.0,close<EMA10
>30% / ema,SUZLON,2026-04,40.5,55.58,2026-07,48.01,3,-13.62,close<EMA10
>30% / ema,SWANCORP,2023-08,38.8,304.13,2024-09,576.9,13,89.69,close<EMA10
>30% / ema,SYNGENE,2020-04,34.1,318.91,2021-10,535.45,18,67.9,close<EMA10
>30% / ema,TDPOWERSYS,2017-03,47.1,21.31,2017-08,19.78,5,-7.17,close<EMA10
>30% / ema,TDPOWERSYS,2025-03,32.9,204.53,2026-09,786.05,18,284.32,open
>30% / ema,TATACHEM,2026-04,38.7,796.75,2026-05,746.52,1,-6.3,close<EMA10
>30% / ema,TATACOMM,2019-09,40.4,345.04,2020-02,331.98,5,-3.79,close<EMA10
>30% / ema,TATAELXSI,2009-04,33.6,39.49,2010-08,89.65,16,127.02,close<EMA10
>30% / ema,TATAINVEST,2026-04,33.0,715.81,2026-06,666.8,2,-6.85,close<EMA10
>30% / ema,TATASTEEL,2008-12,43.5,13.04,2009-01,11.09,1,-15.01,close<EMA10
>30% / ema,TTML,2008-11,45.4,16.63,2008-12,18.36,1,10.41,close<EMA10
>30% / ema,TTML,2019-05,41.4,3.92,2019-06,3.54,1,-9.76,close<EMA10
>30% / ema,TTML,2026-04,36.9,42.93,2026-05,42.81,1,-0.28,close<EMA10
>30% / ema,TECHNOE,2009-03,30.4,64.92,2010-11,159.99,20,146.43,close<EMA10
>30% / ema,TECHNOE,2025-05,32.6,1391.1,2025-09,1323.85,4,-4.83,close<EMA10
>30% / ema,TEGA,2026-09,33.0,2106.7,2026-09,2106.7,0,0.0,open
>30% / ema,TEJASNET,2019-11,33.2,98.94,2019-12,94.71,1,-4.28,close<EMA10
>30% / ema,TEJASNET,2024-04,74.3,1140.25,2025-01,912.87,9,-19.94,close<EMA10
>30% / ema,THANGAMAYL,2014-06,39.3,87.47,2015-03,87.73,9,0.29,close<EMA10
>30% / ema,THANGAMAYL,2023-05,30.6,664.34,2025-01,1806.34,20,171.9,close<EMA10
>30% / ema,NIACL,2019-10,53.5,160.75,2019-11,142.11,1,-11.59,close<EMA10
>30% / ema,NIACL,2026-04,36.3,159.29,2026-05,156.13,1,-1.98,close<EMA10
>30% / ema,TITAGARH,2013-08,61.2,21.89,2013-09,20.87,1,-4.67,close<EMA10
>30% / ema,TITAGARH,2026-04,33.7,767.48,2026-09,818.15,5,6.6,open
>30% / ema,TITAN,2009-05,43.7,48.92,2011-11,165.31,30,237.88,close<EMA10
>30% / ema,TORNTPHARM,2005-12,30.9,38.43,2006-05,38.12,5,-0.82,close<EMA10
>30% / ema,TORNTPHARM,2007-05,34.3,49.18,2007-08,38.92,3,-20.85,close<EMA10
>30% / ema,TORNTPOWER,2009-04,33.1,69.84,2010-10,210.09,18,200.82,close<EMA10
>30% / ema,TARIL,2013-04,68.5,5.62,2013-05,4.06,1,-27.72,close<EMA10
>30% / ema,TARIL,2015-12,43.1,13.41,2016-02,10.0,2,-25.46,close<EMA10
>30% / ema,TARIL,2022-08,31.6,19.19,2025-02,385.04,30,1906.95,close<EMA10
>30% / ema,TARIL,2026-02,31.3,309.86,2026-03,254.12,1,-17.99,close<EMA10
>30% / ema,TRENT,2007-12,48.8,62.01,2008-01,47.29,1,-23.74,close<EMA10
>30% / ema,TRIDENT,2005-08,30.8,2.56,2005-10,1.9,2,-25.81,close<EMA10
>30% / ema,TRIDENT,2010-04,39.2,1.31,2011-01,0.95,9,-27.41,close<EMA10
>30% / ema,TRITURBINE,2020-04,30.9,73.37,2020-05,60.82,1,-17.1,close<EMA10
>30% / ema,TRITURBINE,2026-04,30.3,571.27,2026-08,576.15,4,0.85,close<EMA10
>30% / ema,UCOBANK,2019-11,30.5,17.14,2019-12,16.13,1,-5.92,close<EMA10
>30% / ema,UNOMINDA,2007-09,30.8,4.89,2008-02,4.84,5,-1.09,close<EMA10
>30% / ema,UNOMINDA,2015-11,66.5,27.74,2018-09,172.53,34,521.99,close<EMA10
>30% / ema,ULTRACEMCO,2008-12,43.3,350.21,2009-01,359.7,1,2.71,close<EMA10
>30% / ema,UNIONBANK,2012-01,34.4,162.78,2012-02,166.31,1,2.17,close<EMA10
>30% / ema,UNIONBANK,2012-09,32.6,154.29,2012-10,145.24,1,-5.87,close<EMA10
>30% / ema,UNIONBANK,2017-10,39.3,148.02,2017-12,121.05,2,-18.22,close<EMA10
>30% / ema,UNIONBANK,2020-06,34.5,26.68,2020-07,24.33,1,-8.81,close<EMA10
>30% / ema,USHAMART,2012-01,34.1,29.82,2012-02,33.89,1,13.67,close<EMA10
>30% / ema,USHAMART,2020-06,39.6,18.84,2020-07,17.56,1,-6.84,close<EMA10
>30% / ema,VBL,2020-11,33.1,76.24,2025-01,533.45,50,599.69,close<EMA10
>30% / ema,VBL,2026-04,34.0,513.13,2026-07,442.3,3,-13.8,close<EMA10
>30% / ema,VEDL,2007-09,31.2,36.68,2008-08,46.73,11,27.41,close<EMA10
>30% / ema,VEDL,2012-01,33.4,66.29,2012-02,65.82,1,-0.72,close<EMA10
>30% / ema,VEDL,2013-08,47.6,58.61,2014-02,55.57,6,-5.18,close<EMA10
>30% / ema,VEDL,2020-04,38.4,38.96,2020-05,40.11,1,2.96,close<EMA10
>30% / ema,VIJAYA,2022-09,30.0,457.66,2022-12,434.26,3,-5.11,close<EMA10
>30% / ema,VIJAYA,2026-04,31.1,1128.04,2026-09,1437.7,5,27.45,open
>30% / ema,IDEA,2017-01,48.5,66.39,2017-03,51.76,2,-22.03,close<EMA10
>30% / ema,VOLTAS,2012-01,31.2,85.94,2012-02,97.93,1,13.95,close<EMA10
>30% / ema,WELCORP,2008-12,35.8,87.46,2009-01,56.68,1,-35.19,close<EMA10
>30% / ema,WELCORP,2013-10,42.1,35.59,2013-11,32.41,1,-8.94,close<EMA10
>30% / ema,WELCORP,2015-04,55.8,70.65,2016-01,84.58,9,19.73,close<EMA10
>30% / ema,WELCORP,2018-08,33.4,143.6,2018-09,106.91,1,-25.55,close<EMA10
>30% / ema,WELSPUNLIV,2018-08,32.2,70.91,2018-09,55.18,1,-22.19,close<EMA10
>30% / ema,WELSPUNLIV,2023-04,37.6,86.36,2024-05,134.56,13,55.82,close<EMA10
>30% / ema,WOCKPHARMA,2010-08,59.0,188.03,2011-12,236.76,16,25.92,close<EMA10
>30% / ema,WOCKPHARMA,2023-06,39.7,235.45,2025-10,1281.5,28,444.28,close<EMA10
>30% / ema,YESBANK,2019-10,70.0,70.4,2019-11,68.3,1,-2.98,close<EMA10
>30% / ema,ZEEL,2006-03,35.3,59.89,2007-11,111.83,20,86.73,close<EMA10
>30% / ema,ZEEL,2023-07,36.7,229.97,2024-01,164.26,6,-28.57,close<EMA10
>30% / ema,ZENTEC,2018-12,30.2,77.22,2019-01,74.41,1,-3.64,close<EMA10
>30% / ema,ZENTEC,2020-04,77.6,40.0,2020-05,36.68,1,-8.29,close<EMA10
>30% / ema,ZENTEC,2026-04,30.7,1670.22,2026-09,1605.2,5,-3.89,open
>30% / ema,ZENSARTECH,2018-04,42.0,222.72,2018-11,194.56,7,-12.64,close<EMA10
>30% / ema,ZENSARTECH,2020-06,42.6,112.44,2022-02,318.69,20,183.44,close<EMA10
>30% / ema,ZYDUSWELL,2013-05,36.0,112.21,2014-01,96.45,8,-14.04,close<EMA10
>30% / ema,ECLERX,2026-07,39.3,1844.48,2026-09,1819.9,2,-1.33,open
>50% / target,ADANIENSOL,2023-03,54.5,993.05,2026-05,1533.91,38,54.46,target
>50% / target,ADANIENT,2009-04,58.1,26.71,2009-05,42.22,1,58.06,target
>50% / target,ADANIGREEN,2023-03,81.6,881.15,2023-12,1599.89,9,81.57,target
>50% / target,ADANIPOWER,2018-07,94.1,6.27,2019-07,12.17,12,94.12,target
>50% / target,AEGISLOG,2012-01,57.2,13.66,2014-06,21.47,29,57.22,target
>50% / target,ANANTRAJ,2012-09,63.0,27.5,2021-02,44.84,101,63.03,target
>50% / target,APARINDS,2009-05,63.0,103.99,2010-04,169.49,11,62.98,target
>50% / target,ASTRAL,2009-04,72.6,2.69,2009-06,4.64,2,72.6,target
>50% / target,AUROPHARMA,2020-04,51.5,604.8,2020-08,916.17,4,51.48,target
>50% / target,BALRAMCHIN,2008-12,54.5,39.73,2009-04,61.38,4,54.5,target
>50% / target,BANKINDIA,2020-06,55.2,41.54,2021-02,64.46,8,55.17,target
>50% / target,BBOX,2013-07,69.6,19.15,2017-12,32.49,53,69.64,target
>50% / target,CESC,2020-04,60.6,48.25,2021-10,77.47,18,60.57,target
>50% / target,CGPOWER,2020-04,57.4,7.85,2020-08,12.36,4,57.43,target
>50% / target,CIEINDIA,2014-02,61.0,76.61,2014-06,123.34,4,61.01,target
>50% / target,CARTRADE,2026-06,55.2,2693.0,2026-09,2899.8,3,7.68,open
>50% / target,CEATLTD,2009-04,56.2,43.41,2009-05,67.8,1,56.16,target
>50% / target,CEMPRO,2014-05,59.8,23.77,2014-07,37.97,2,59.78,target
>50% / target,CEMPRO,2026-04,59.6,813.17,2026-06,1297.46,2,59.56,target
>50% / target,COHANCE,2026-04,60.3,483.25,2026-09,444.0,5,-8.12,open
>50% / target,CYIENT,2009-04,68.2,49.84,2009-07,83.85,3,68.24,target
>50% / target,DEEPAKFERT,2022-01,53.0,542.48,2022-08,829.74,7,52.95,target
>50% / target,EMAMILTD,2009-05,66.8,44.11,2009-12,73.57,7,66.78,target
>50% / target,FACT,2014-05,51.3,31.0,2014-07,46.91,2,51.34,target
>50% / target,GALLANTT,2011-10,77.0,29.84,2016-10,52.82,60,77.03,target
>50% / target,GRSE,2020-06,51.2,194.61,2022-04,294.18,22,51.16,target
>50% / target,GILLETTE,2007-12,59.5,1071.34,2011-06,1708.79,42,59.5,target
>50% / target,GLENMARK,2020-04,63.7,329.06,2020-06,538.79,2,63.74,target
>50% / target,GMDCLTD,2008-12,59.5,26.93,2009-05,42.94,5,59.47,target
>50% / target,HFCL,2026-04,71.0,115.92,2026-06,198.21,2,70.98,target
>50% / target,HSCL,2020-04,69.1,49.11,2022-04,83.05,24,69.1,target
>50% / target,HINDCOPPER,2012-01,66.8,284.58,2025-12,474.76,167,66.83,target
>50% / target,IOB,2020-06,67.1,12.2,2021-02,20.39,8,67.12,target
>50% / target,JPPOWER,2018-08,64.2,4.35,2022-01,7.14,41,64.15,target
>50% / target,JWL,2020-06,51.8,12.66,2020-12,19.21,6,51.79,target
>50% / target,KPRMILL,2009-04,52.4,2.3,2009-05,3.5,1,52.42,target
>50% / target,KPITTECH,2020-04,58.2,53.83,2020-08,85.13,4,58.16,target
>50% / target,KEC,2012-01,52.3,46.47,2012-10,70.76,9,52.28,target
>50% / target,LINDEINDIA,2018-11,54.3,658.56,2021-02,1016.48,27,54.35,target
>50% / target,MMTC,2012-01,65.5,569.02,2026-09,56.91,176,-90.0,open
>50% / target,MRPL,2022-04,77.3,71.11,2023-12,126.07,20,77.28,target
>50% / target,NATIONALUM,2009-05,68.0,41.03,2021-07,68.92,146,67.98,target
>50% / target,NAVA,2006-03,63.3,12.49,2006-05,20.51,2,64.29,target(gap)
>50% / target,NEULANDLAB,2017-03,63.7,1462.72,2021-04,2394.35,49,63.69,target
>50% / target,OLAELEC,2026-04,60.4,36.56,2026-09,36.92,5,0.98,open
>50% / target,OLECTRA,2012-01,55.1,14.14,2016-07,21.93,54,55.14,target
>50% / target,OFSS,2024-01,54.8,5864.1,2024-06,9077.2,5,54.79,target
>50% / target,PGEL,2016-06,55.5,17.52,2017-06,27.24,12,55.47,target
>50% / target,PGEL,2019-12,56.4,5.68,2020-10,8.88,10,56.4,target
>50% / target,SARDAEN,2012-01,57.0,9.66,2014-05,15.16,28,57.02,target
>50% / target,SCI,2019-09,54.5,39.84,2019-11,61.54,2,54.46,target
>50% / target,STARHEALTH,2022-07,52.9,747.2,2026-09,534.65,50,-28.45,open
>50% / target,STLTECH,2005-08,66.5,20.63,2006-10,34.34,14,66.48,target
>50% / target,SUPREMEIND,2009-04,51.7,24.1,2009-06,36.57,2,51.73,target
>50% / target,SUZLON,2012-01,55.6,25.71,2023-11,39.99,142,55.56,target
>50% / target,TEJASNET,2024-04,74.3,1140.25,2026-09,486.2,29,-57.36,open
>50% / target,NIACL,2019-10,53.5,160.75,2023-11,246.67,49,53.45,target
>50% / target,TITAGARH,2013-08,61.2,21.89,2014-04,35.28,8,61.18,target
>50% / target,TARIL,2013-04,68.5,5.62,2014-05,9.46,13,68.47,target
>50% / target,UNOMINDA,2015-11,66.5,27.74,2016-09,46.18,10,66.5,target
>50% / target,WELCORP,2015-04,55.8,70.65,2015-07,110.07,3,55.8,target
>50% / target,WOCKPHARMA,2010-08,59.0,188.03,2010-11,299.03,3,59.04,target
>50% / target,YESBANK,2019-10,70.0,70.4,2026-09,20.95,83,-70.24,open
>50% / target,ZENTEC,2020-04,77.6,40.0,2020-08,71.03,4,77.58,target
>50% / ema,ADANIENSOL,2023-03,54.5,993.05,2023-04,1029.45,1,3.67,close<EMA10
>50% / ema,ADANIENT,2009-04,58.1,26.71,2011-01,72.62,21,171.9,close<EMA10
>50% / ema,ADANIGREEN,2023-03,81.6,881.15,2023-04,951.0,1,7.93,close<EMA10
>50% / ema,ADANIPOWER,2018-07,94.1,6.27,2018-09,4.76,2,-24.08,close<EMA10
>50% / ema,AEGISLOG,2012-01,57.2,13.66,2012-02,13.23,1,-3.13,close<EMA10
>50% / ema,ANANTRAJ,2012-09,63.0,27.5,2013-02,23.94,5,-12.94,close<EMA10
>50% / ema,ANANTRAJ,2020-06,51.0,9.39,2020-07,8.87,1,-5.52,close<EMA10
>50% / ema,APARINDS,2009-05,63.0,103.99,2010-09,144.72,16,39.16,close<EMA10
>50% / ema,ASTRAL,2009-04,72.6,2.69,2011-01,11.84,21,340.3,close<EMA10
>50% / ema,AUROPHARMA,2020-04,51.5,604.8,2021-08,707.64,16,17.0,close<EMA10
>50% / ema,BALRAMCHIN,2008-12,54.5,39.73,2009-01,48.31,1,21.6,close<EMA10
>50% / ema,BANKINDIA,2020-06,55.2,41.54,2020-07,40.05,1,-3.59,close<EMA10
>50% / ema,BBOX,2013-07,69.6,19.15,2013-08,18.14,1,-5.31,close<EMA10
>50% / ema,CESC,2020-04,60.6,48.25,2020-05,40.62,1,-15.8,close<EMA10
>50% / ema,CGPOWER,2020-04,57.4,7.85,2020-05,5.93,1,-24.53,close<EMA10
>50% / ema,CIEINDIA,2014-02,61.0,76.61,2016-01,221.6,23,189.28,close<EMA10
>50% / ema,CARTRADE,2026-06,55.2,2693.0,2026-09,2899.8,3,7.68,open
>50% / ema,CEATLTD,2009-04,56.2,43.41,2010-05,105.39,13,142.75,close<EMA10
>50% / ema,CEMPRO,2014-05,59.8,23.77,2018-02,174.62,45,634.77,close<EMA10
>50% / ema,CEMPRO,2026-04,59.6,813.17,2026-09,1192.2,5,46.61,open
>50% / ema,COHANCE,2026-04,60.3,483.25,2026-05,431.5,1,-10.71,close<EMA10
>50% / ema,CYIENT,2009-04,68.2,49.84,2010-08,111.12,16,122.94,close<EMA10
>50% / ema,DEEPAKFERT,2022-01,53.0,542.48,2022-12,687.69,11,26.77,close<EMA10
>50% / ema,EMAMILTD,2009-05,66.8,44.11,2011-02,94.79,21,114.88,close<EMA10
>50% / ema,FACT,2014-05,51.3,31.0,2015-03,28.01,10,-9.65,close<EMA10
>50% / ema,GALLANTT,2011-10,77.0,29.84,2011-12,18.03,2,-39.57,close<EMA10
>50% / ema,GRSE,2020-06,51.2,194.61,2021-01,164.89,7,-15.27,close<EMA10
>50% / ema,GILLETTE,2007-12,59.5,1071.34,2008-01,720.25,1,-32.77,close<EMA10
>50% / ema,GLENMARK,2020-04,63.7,329.06,2021-08,520.33,16,58.13,close<EMA10
>50% / ema,GMDCLTD,2008-12,59.5,26.93,2009-01,26.04,1,-3.29,close<EMA10
>50% / ema,HFCL,2026-04,71.0,115.92,2026-09,227.02,5,95.84,open
>50% / ema,HSCL,2020-04,69.1,49.11,2020-05,43.3,1,-11.85,close<EMA10
>50% / ema,HINDCOPPER,2012-01,66.8,284.58,2012-05,231.02,4,-18.82,close<EMA10
>50% / ema,IOB,2020-06,67.1,12.2,2020-09,9.2,3,-24.59,close<EMA10
>50% / ema,JPPOWER,2018-08,64.2,4.35,2018-09,2.4,1,-44.83,close<EMA10
>50% / ema,JPPOWER,2019-04,54.1,2.85,2019-05,2.45,1,-14.04,close<EMA10
>50% / ema,JWL,2020-06,51.8,12.66,2020-07,11.86,1,-6.27,close<EMA10
>50% / ema,KPRMILL,2009-04,52.4,2.3,2011-01,13.35,21,480.91,close<EMA10
>50% / ema,KPITTECH,2020-04,58.2,53.83,2020-05,47.55,1,-11.66,close<EMA10
>50% / ema,KEC,2012-01,52.3,46.47,2012-04,49.59,3,6.74,close<EMA10
>50% / ema,LINDEINDIA,2018-11,54.3,658.56,2019-01,461.55,2,-29.92,close<EMA10
>50% / ema,MMTC,2012-01,65.5,569.02,2012-03,500.53,2,-12.04,close<EMA10
>50% / ema,MMTC,2025-05,52.6,85.77,2025-07,64.63,2,-24.65,close<EMA10
>50% / ema,MRPL,2022-04,77.3,71.11,2022-09,57.23,5,-19.53,close<EMA10
>50% / ema,NATIONALUM,2009-05,68.0,41.03,2010-11,41.31,18,0.68,close<EMA10
>50% / ema,NAVA,2006-03,63.3,12.49,2007-02,17.04,11,36.46,close<EMA10
>50% / ema,NEULANDLAB,2017-03,63.7,1462.72,2017-09,960.6,6,-34.33,close<EMA10
>50% / ema,NEULANDLAB,2020-04,57.3,438.26,2020-05,384.34,1,-12.3,close<EMA10
>50% / ema,OLAELEC,2026-04,60.4,36.56,2026-07,38.66,3,5.74,close<EMA10
>50% / ema,OLECTRA,2012-01,55.1,14.14,2012-02,12.86,1,-9.06,close<EMA10
>50% / ema,OFSS,2024-01,54.8,5864.1,2025-01,8461.36,12,44.29,close<EMA10
>50% / ema,PGEL,2016-06,55.5,17.52,2016-11,13.65,5,-22.09,close<EMA10
>50% / ema,PGEL,2019-12,56.4,5.68,2020-03,2.7,3,-52.51,close<EMA10
>50% / ema,SARDAEN,2012-01,57.0,9.66,2012-02,9.89,1,2.44,close<EMA10
>50% / ema,SCI,2019-09,54.5,39.84,2020-02,41.45,5,4.05,close<EMA10
>50% / ema,STARHEALTH,2022-07,52.9,747.2,2022-09,706.25,2,-5.48,close<EMA10
>50% / ema,STLTECH,2005-08,66.5,20.63,2005-10,12.79,2,-37.99,close<EMA10
>50% / ema,SUPREMEIND,2009-04,51.7,24.1,2011-11,144.97,31,501.5,close<EMA10
>50% / ema,SUZLON,2012-01,55.6,25.71,2012-02,24.42,1,-5.0,close<EMA10
>50% / ema,TEJASNET,2024-04,74.3,1140.25,2025-01,912.87,9,-19.94,close<EMA10
>50% / ema,NIACL,2019-10,53.5,160.75,2019-11,142.11,1,-11.59,close<EMA10
>50% / ema,TITAGARH,2013-08,61.2,21.89,2013-09,20.87,1,-4.67,close<EMA10
>50% / ema,TARIL,2013-04,68.5,5.62,2013-05,4.06,1,-27.72,close<EMA10
>50% / ema,UNOMINDA,2015-11,66.5,27.74,2018-09,172.53,34,521.99,close<EMA10
>50% / ema,WELCORP,2015-04,55.8,70.65,2016-01,84.58,9,19.73,close<EMA10
>50% / ema,WOCKPHARMA,2010-08,59.0,188.03,2011-12,236.76,16,25.92,close<EMA10
>50% / ema,YESBANK,2019-10,70.0,70.4,2019-11,68.3,1,-2.98,close<EMA10
>50% / ema,ZENTEC,2020-04,77.6,40.0,2020-05,36.68,1,-8.29,close<EMA10
