day,sym,entry_time,entry,stop,qty,gain_at_entry,or_pct,exit_time,exit,reason,costs,pnl,r
2026-07-14,BIOCON,09:20:00,432.27,422.65,259,5.13,2.21,15:10:00,436.48,time_15:10,87.24,1004.61,0.4
2026-07-14,CONCOR,09:20:00,491.3,474.15,145,5.84,3.55,15:10:00,493.25,time_15:10,72.56,211.31,0.08
2026-07-15,AEGISLOG,09:20:00,1267.48,1235.5,78,3.63,2.53,15:10:00,1316.34,time_15:10,83.37,3727.56,1.49
2026-07-15,APARINDS,09:20:00,14196.14,13687.0,4,4.37,3.67,15:10:00,14096.95,time_15:10,60.1,-456.88,-0.22
2026-07-15,ATHERENERG,09:20:00,1267.18,1232.1,71,5.39,2.79,15:10:00,1294.65,time_15:10,79.68,1870.62,0.75
2026-07-15,AVANTIFEED,09:20:00,987.29,939.7,52,5.49,5.01,15:10:00,985.76,time_15:10,54.51,-134.41,-0.05
2026-07-15,HYUNDAI,09:20:00,2036.17,1996.8,63,3.85,1.92,15:10:00,2002.3,time_15:10,92.1,-2225.86,-0.9
2026-07-15,TEJASNET,09:20:00,571.94,556.7,164,5.23,2.68,11:40:00,556.42,stop,79.75,-2624.07,-1.05
2026-07-15,WELSPUNLIV,09:20:00,169.63,166.92,920,3.04,1.55,10:30:00,166.84,stop,101.83,-2676.21,-1.07
2026-07-15,KEC,09:25:00,511.11,504.5,378,4.28,1.25,12:55:00,504.25,stop,115.0,-2707.21,-1.08
2026-07-15,NUVOCO,09:25:00,372.69,350.25,111,9.11,6.34,15:10:00,371.46,time_15:10,43.88,-179.53,-0.07
2026-07-15,GODREJIND,09:30:00,1380.74,1343.0,66,3.24,2.76,15:10:00,1381.51,time_15:10,79.55,-28.8,-0.01
2026-07-15,HFCL,09:30:00,221.63,214.4,345,4.11,3.3,15:10:00,222.87,time_15:10,74.45,352.57,0.14
2026-07-15,MTARTECH,10:00:00,6678.39,6330.0,7,4.15,5.45,15:10:00,6696.15,time_15:10,49.76,74.57,0.03
2026-07-15,AIAENG,12:40:00,4909.0,4798.5,22,3.08,2.25,15:10:00,4826.09,time_15:10,84.99,-1909.18,-0.79
2026-07-15,TDPOWERSYS,13:25:00,585.44,565.4,124,4.03,3.48,15:10:00,585.46,time_15:10,72.96,-71.15,-0.03
2026-07-16,AVANTIFEED,09:20:00,1027.91,999.0,86,3.86,2.84,15:10:00,1035.78,time_15:10,78.76,597.9,0.24
2026-07-16,BLS,09:20:00,245.92,237.2,286,4.2,3.6,09:50:00,237.08,stop,71.43,-2600.1,-1.04
2026-07-16,CPPLUS,09:20:00,3844.92,3749.3,26,3.33,2.42,15:10:00,3801.1,time_15:10,82.34,-1221.74,-0.49
2026-07-16,DIXON,09:20:00,14672.38,14112.0,4,7.43,3.92,15:10:00,14497.75,time_15:10,61.93,-760.47,-0.34
2026-07-16,EMMVEE,09:20:00,360.68,349.0,214,6.72,3.28,15:10:00,366.52,time_15:10,74.95,1174.04,0.47
2026-07-16,KAYNES,09:20:00,3450.37,3366.7,29,3.34,2.43,15:10:00,3433.98,time_15:10,82.57,-557.94,-0.23
2026-07-16,LTTS,09:20:00,3649.17,3540.2,22,3.96,3.03,11:10:00,3538.43,stop,74.98,-2511.35,-1.05
2026-07-16,MRPL,09:20:00,165.72,160.67,494,5.19,3.06,15:10:00,171.97,time_15:10,77.13,3010.93,1.21
2026-07-16,ZENSARTECH,09:20:00,540.67,522.6,138,5.32,3.4,09:50:00,522.34,stop,72.95,-2602.69,-1.04
2026-07-16,PFOCUS,09:40:00,279.07,272.0,353,5.34,2.53,15:10:00,293.09,time_15:10,83.58,4866.87,1.95
2026-07-16,RRKABEL,11:35:00,2372.14,2307.0,38,3.48,2.77,15:10:00,2393.8,time_15:10,79.42,743.93,0.3
2026-07-20,AEGISLOG,09:20:00,1403.35,1344.0,42,3.97,4.36,15:10:00,1385.31,time_15:10,62.16,-820.02,-0.33
2026-07-20,ATHERENERG,09:20:00,1324.21,1282.2,59,3.22,3.22,09:25:00,1281.56,stop,74.2,-2590.72,-1.05
2026-07-20,GESHIP,09:20:00,1387.14,1343.7,57,3.05,3.18,15:10:00,1388.31,time_15:10,75.27,-9.02,-0.0
2026-07-20,INOXINDIA,09:20:00,2065.08,1970.3,26,4.23,4.76,15:10:00,1999.8,time_15:10,55.98,-1753.32,-0.71
2026-07-20,PNB,09:20:00,109.95,107.64,1079,3.9,2.05,15:10:00,111.74,time_15:10,89.85,1840.64,0.74
2026-07-20,NEULANDLAB,11:40:00,19009.55,18613.0,6,3.07,2.08,15:10:00,18918.54,time_15:10,87.51,-633.6,-0.27
2026-07-21,ACE,09:20:00,1040.97,1010.0,80,4.93,3.01,15:10:00,1033.98,time_15:10,76.59,-635.59,-0.26
2026-07-21,CANHLIFE,09:20:00,160.67,155.53,486,7.22,3.22,09:25:00,155.45,stop,74.18,-2610.15,-1.04
2026-07-21,JKCEMENT,09:20:00,5693.9,5515.0,13,4.37,3.19,15:10:00,5661.67,time_15:10,73.34,-492.3,-0.21
2026-07-21,KARURVYSYA,09:20:00,326.66,312.2,172,8.47,4.56,15:10:00,339.68,time_15:10,61.15,2177.74,0.88
2026-07-21,CMPDI,09:25:00,264.34,256.46,317,4.24,3.0,15:10:00,264.18,time_15:10,76.92,-128.99,-0.05
2026-07-22,TRIDENT,09:20:00,26.56,25.59,2568,5.78,3.56,12:30:00,25.58,stop,70.33,-2602.55,-1.04
2026-07-22,TVSMOTOR,09:20:00,3919.01,3836.0,30,3.3,2.11,15:10:00,3906.05,time_15:10,88.8,-477.68,-0.19
2026-07-22,AEGISLOG,09:30:00,1360.73,1339.5,117,3.54,1.53,10:35:00,1338.83,stop,102.95,-2665.23,-1.07
2026-07-22,KALYANKJIL,09:45:00,597.15,576.05,118,3.44,3.6,15:10:00,596.15,time_15:10,72.17,-189.77,-0.08
2026-07-22,RRKABEL,10:05:00,2435.27,2377.2,43,3.78,2.39,15:10:00,2427.79,time_15:10,84.26,-405.97,-0.16
2026-07-22,M&MFIN,10:35:00,377.69,362.4,163,7.9,4.15,15:10:00,379.26,time_15:10,65.59,190.56,0.08
2026-07-22,TDPOWERSYS,12:55:00,586.14,567.15,131,3.76,3.24,15:10:00,579.91,time_15:10,74.21,-890.74,-0.36
2026-07-23,AZAD,09:20:00,2418.76,2368.3,49,3.9,2.08,12:30:00,2367.12,stop,88.52,-2619.03,-1.06
2026-07-23,RUBICON,09:20:00,1530.71,1500.2,81,4.33,1.98,09:40:00,1499.45,stop,90.46,-2622.94,-1.06
2026-07-23,NTPCGREEN,09:25:00,95.79,92.91,868,4.86,2.99,15:10:00,96.22,time_15:10,76.81,299.9,0.12
2026-07-24,CIPLA,09:20:00,1442.57,1391.5,48,3.51,3.61,15:10:00,1409.69,time_15:10,71.31,-1649.37,-0.67
2026-07-24,CYIENT,09:20:00,865.33,832.55,76,4.12,3.88,09:55:00,832.13,stop,68.28,-2591.38,-1.04
2026-07-24,ZENSARTECH,09:20:00,504.3,487.3,147,3.49,3.33,15:10:00,501.65,time_15:10,73.39,-463.38,-0.19
2026-07-27,ATUL,09:20:00,6803.45,6564.0,10,6.13,3.6,15:10:00,6777.11,time_15:10,71.26,-334.67,-0.14
2026-07-27,AUBANK,09:20:00,1037.47,1024.8,197,3.28,1.18,15:10:00,1052.87,time_15:10,120.59,2914.16,1.17
2026-07-27,CAPLIPOINT,09:20:00,2569.23,2475.0,26,4.09,3.75,15:10:00,2624.99,time_15:10,71.32,1378.26,0.56
2026-07-27,CARTRADE,09:20:00,2821.26,2696.8,20,6.15,4.56,15:10:00,2958.82,time_15:10,61.73,2689.46,1.08
2026-07-27,GALLANTT,09:20:00,540.47,523.9,150,3.65,3.1,15:10:00,546.98,time_15:10,76.25,899.7,0.36
2026-07-27,INDIGO,09:20:00,5150.62,5119.0,79,3.27,0.57,10:25:00,5116.44,stop,190.8,-2891.3,-1.16
2026-07-27,LALPATHLAB,09:20:00,1883.39,1798.0,29,7.01,4.69,15:10:00,1823.99,time_15:10,56.94,-1779.65,-0.72
2026-07-27,LAURUSLABS,09:20:00,1652.88,1618.0,71,3.18,2.1,15:10:00,1714.84,time_15:10,90.1,4309.49,1.74
2026-07-27,M&MFIN,09:20:00,368.23,361.5,371,3.24,1.8,11:25:00,361.32,stop,94.94,-2660.32,-1.06
2026-07-27,RKFORGE,09:20:00,612.96,597.6,162,5.5,2.51,15:10:00,626.19,time_15:10,83.05,2060.28,0.83
2026-07-27,UBL,09:20:00,1442.67,1410.2,76,3.1,2.25,15:10:00,1429.29,time_15:10,85.81,-1103.14,-0.45
2026-07-27,VISL,09:35:00,31.36,30.26,2281,3.26,3.4,15:10:00,30.39,time_15:10,71.95,-2263.7,-0.91
2026-07-27,CREDITACC,09:55:00,1600.85,1550.1,49,5.43,3.22,15:10:00,1574.71,time_15:10,74.66,-1355.41,-0.55
2026-07-27,PVRINOX,10:50:00,1124.96,1073.45,48,5.68,4.74,15:10:00,1124.44,time_15:10,57.37,-82.56,-0.03
2026-07-28,COFORGE,09:20:00,1628.86,1574.9,46,6.52,3.37,15:10:00,1684.26,time_15:10,74.52,2473.58,1.0
2026-07-28,GALLANTT,09:20:00,568.03,556.4,214,3.75,1.98,15:10:00,574.31,time_15:10,90.72,1252.95,0.5
2026-07-28,LODHA,09:20:00,1249.17,1228.35,120,4.16,1.64,15:10:00,1291.2,time_15:10,101.84,4941.74,1.98
2026-07-28,MPHASIS,09:20:00,2415.46,2383.9,79,3.5,1.27,15:10:00,2414.19,time_15:10,114.88,-214.8,-0.09
2026-07-28,RRKABEL,09:20:00,2721.31,2633.4,28,7.71,3.28,09:55:00,2632.08,stop,73.52,-2571.86,-1.04
2026-07-28,TCS,09:20:00,2369.23,2323.7,54,3.16,1.91,15:10:00,2398.8,time_15:10,93.05,1503.51,0.61
2026-07-29,FSL,09:20:00,278.14,267.44,233,5.68,3.93,15:10:00,293.28,time_15:10,70.55,3458.07,1.39
2026-07-29,PARADEEP,09:20:00,146.43,142.35,612,5.14,2.78,15:10:00,156.38,time_15:10,80.75,6007.79,2.4
2026-07-29,TATACAP,09:20:00,372.24,363.1,273,4.82,2.45,10:45:00,362.92,stop,82.53,-2626.22,-1.05
2026-07-29,LT,09:45:00,3967.63,3899.0,36,3.49,1.71,15:10:00,3931.83,time_15:10,97.51,-1386.3,-0.56
2026-07-29,GMDCLTD,09:50:00,573.69,555.3,135,3.54,3.25,15:10:00,573.01,time_15:10,74.65,-165.56,-0.07
2026-07-29,TEJASNET,10:00:00,529.21,495.8,74,7.01,6.68,15:10:00,519.69,time_15:10,41.17,-745.98,-0.3
2026-07-30,SYRMA,09:25:00,1405.75,1364.1,60,4.59,3.0,14:45:00,1363.42,stop,76.4,-2616.47,-1.05
2026-07-30,MTARTECH,09:30:00,5376.74,5263.0,21,3.47,2.11,15:10:00,5450.77,time_15:10,87.71,1467.05,0.61
2026-07-31,ABCAPITAL,09:20:00,406.2,398.9,342,3.03,1.77,14:15:00,398.7,stop,95.75,-2661.59,-1.07
2026-07-31,BAJFINANCE,09:20:00,1098.5,1083.9,171,4.22,1.29,15:10:00,1142.53,time_15:10,116.01,7413.03,2.97
2026-07-31,BALKRISIND,09:20:00,2378.14,2321.1,43,3.04,2.4,15:10:00,2480.96,time_15:10,84.75,4336.52,1.77
2026-07-31,CGPOWER,09:20:00,869.23,852.5,149,4.35,1.91,15:10:00,863.77,time_15:10,92.92,-907.43,-0.36
2026-07-31,GVT&D,09:20:00,4382.24,4322.0,41,4.23,1.34,11:25:00,4319.84,stop,110.21,-2668.66,-1.08
2026-07-31,NETWEB,09:20:00,4420.16,4255.7,15,5.31,3.81,15:10:00,4528.43,time_15:10,71.06,1553.07,0.63
2026-07-31,POWERINDIA,09:20:00,32451.27,32150.0,8,3.79,0.89,14:40:00,32133.93,stop,138.58,-2677.32,-1.11
2026-07-31,SCHNEIDER,09:20:00,1345.12,1311.1,73,3.55,2.54,15:10:00,1353.82,time_15:10,82.22,552.92,0.22
2026-07-31,TARIL,09:20:00,303.2,296.35,364,3.24,2.24,15:00:00,296.2,stop,85.63,-2633.52,-1.06
2026-07-31,APARINDS,09:25:00,14343.22,14001.0,7,4.3,2.39,15:10:00,14323.83,time_15:10,82.79,-218.47,-0.09
2026-07-31,HYUNDAI,09:25:00,2172.44,2092.2,31,7.59,3.78,15:10:00,2177.91,time_15:10,71.14,98.58,0.04
2026-07-31,BAJAJFINSV,09:40:00,1978.84,1950.1,86,3.58,1.42,15:10:00,2029.68,time_15:10,108.84,4263.89,1.73
2026-07-31,BBOX,13:15:00,776.29,746.05,82,6.76,3.99,15:10:00,758.72,time_15:10,66.73,-1507.26,-0.61
2026-08-03,ABCAPITAL,09:20:00,419.71,410.9,283,3.76,2.07,15:10:00,417.69,time_15:10,89.18,-660.47,-0.26
2026-08-03,BALRAMCHIN,09:20:00,607.5,595.5,208,3.58,1.96,15:10:00,639.93,time_15:10,93.97,6650.69,2.66
2026-08-03,CHOLAHLDNG,09:20:00,1585.84,1554.0,78,3.31,1.99,15:10:00,1575.71,time_15:10,90.86,-881.06,-0.35
2026-08-03,GESHIP,09:20:00,1398.85,1363.9,71,3.54,2.51,15:10:00,1398.6,time_15:10,82.43,-100.09,-0.04
2026-08-03,NETWEB,09:20:00,4672.08,4564.5,23,3.22,2.3,10:10:00,4562.22,stop,84.6,-2611.54,-1.06
2026-08-03,REDINGTON,09:20:00,336.17,320.55,160,4.46,4.8,15:10:00,347.73,time_15:10,58.35,1790.94,0.72
2026-08-03,RPOWER,09:20:00,24.3,23.56,3368,3.76,2.89,15:10:00,23.91,time_15:10,75.86,-1403.21,-0.56
2026-08-03,SYNGENE,09:20:00,398.15,384.1,177,3.12,3.59,15:10:00,401.95,time_15:10,72.4,600.19,0.24
2026-08-03,TBOTEK,09:20:00,1614.36,1542.9,34,5.38,4.58,15:10:00,1615.99,time_15:10,58.37,-2.79,-0.0
2026-08-03,CLEANMAX,09:25:00,1389.44,1340.0,50,3.98,3.63,15:10:00,1345.33,time_15:10,71.22,-2277.08,-0.92
2026-08-03,LINDEINDIA,09:30:00,6980.49,6795.0,13,3.44,2.22,15:10:00,6982.51,time_15:10,79.41,-53.16,-0.02
2026-08-03,MRPL,09:30:00,176.04,170.32,437,3.54,3.28,15:10:00,173.73,time_15:10,74.21,-1081.44,-0.43
2026-08-03,DIVISLAB,09:40:00,8384.24,8106.0,8,4.02,3.38,15:10:00,8325.84,time_15:10,70.84,-538.08,-0.24
2026-08-03,FORCEMOT,09:40:00,18450.27,18111.0,7,3.01,1.82,15:10:00,18422.78,time_15:10,92.97,-285.38,-0.12
2026-08-03,RHIM,09:40:00,403.7,390.95,196,3.85,3.18,15:10:00,412.29,time_15:10,75.76,1608.27,0.64
2026-08-03,ASHOKLEY,09:55:00,171.9,169.9,1252,3.39,1.09,15:10:00,174.55,time_15:10,124.52,3201.77,1.28
2026-08-03,AEGISVOPAK,10:05:00,301.55,292.6,279,3.87,2.99,15:10:00,303.15,time_15:10,77.18,368.56,0.15
2026-08-03,CARTRADE,10:25:00,2811.46,2732.2,31,3.33,2.85,15:10:00,2795.7,time_15:10,77.98,-566.34,-0.23
2026-08-03,INDIGO,10:50:00,5375.24,5280.0,26,3.9,1.75,15:10:00,5391.3,time_15:10,96.91,320.83,0.13
2026-08-03,JPPOWER,11:40:00,19.12,18.31,3088,4.48,4.1,15:10:00,18.76,time_15:10,62.04,-1170.45,-0.47
2026-08-03,CHENNPETRO,13:35:00,1331.12,1272.2,42,5.54,4.57,15:10:00,1324.24,time_15:10,59.23,-348.1,-0.14
2026-08-04,AETHER,09:20:00,1563.83,1521.0,58,3.55,2.76,15:10:00,1581.91,time_15:10,79.68,968.79,0.39
2026-08-04,CGPOWER,09:20:00,862.63,846.75,157,4.37,1.82,15:10:00,880.36,time_15:10,96.05,2687.32,1.08
2026-08-04,DEEPAKFERT,09:20:00,1632.87,1578.5,45,3.56,3.39,15:10:00,1604.1,time_15:10,72.9,-1367.48,-0.56
2026-08-04,KEI,09:20:00,5322.91,5218.9,24,5.91,1.94,12:30:00,5216.29,stop,91.79,-2650.66,-1.06
2026-08-04,SAIL,09:20:00,171.77,168.2,701,4.05,2.04,15:10:00,173.55,time_15:10,90.28,1162.64,0.47
2026-08-04,SCI,09:20:00,303.0,298.8,595,3.49,1.34,15:10:00,301.45,time_15:10,110.9,-1034.48,-0.41
2026-08-05,GODREJPROP,09:20:00,2100.1,2055.7,56,3.22,2.11,15:10:00,2111.44,time_15:10,89.11,546.17,0.22
2026-08-05,HFCL,09:20:00,209.07,205.8,763,3.05,1.52,15:10:00,212.8,time_15:10,104.62,2740.65,1.1
2026-08-05,JMFINANCIL,09:20:00,128.27,124.99,761,3.75,2.54,15:10:00,126.3,time_15:10,81.4,-1586.12,-0.63
2026-08-05,NIACL,09:20:00,184.94,177.59,340,7.61,4.06,15:10:00,184.06,time_15:10,66.64,-367.37,-0.15
2026-08-05,PNBHOUSING,09:20:00,1138.52,1075.0,39,5.37,5.85,15:10:00,1123.54,time_15:10,46.82,-631.08,-0.25
2026-08-05,URBANCO,09:20:00,147.49,142.08,461,3.9,3.72,14:20:00,142.01,stop,70.17,-2598.64,-1.04
2026-08-05,VISL,09:20:00,36.82,35.61,2068,3.52,3.2,09:45:00,35.59,stop,73.49,-2609.28,-1.04
2026-08-05,CASTROLIND,09:30:00,194.15,191.06,809,3.74,1.54,13:05:00,190.96,stop,102.19,-2676.88,-1.07
2026-08-05,STLTECH,09:30:00,629.81,612.0,140,4.14,2.85,15:10:00,634.33,time_15:10,78.67,553.84,0.22
2026-08-05,JUBLFOOD,09:35:00,479.44,470.85,291,3.05,1.76,15:10:00,486.91,time_15:10,97.33,2075.52,0.83
2026-08-06,BANDHANBNK,09:20:00,176.21,173.77,1025,3.32,1.32,15:10:00,175.68,time_15:10,111.13,-650.22,-0.26
2026-08-06,NAVINFLUOR,09:20:00,8052.57,7858.0,12,5.77,2.42,15:10:00,8658.17,time_15:10,83.57,7183.56,3.08
2026-08-06,STLTECH,09:25:00,663.28,650.0,188,4.46,1.98,10:45:00,649.68,stop,90.71,-2648.73,-1.06
2026-08-06,COHANCE,09:35:00,444.27,417.0,91,3.4,6.47,15:10:00,440.83,time_15:10,42.77,-356.04,-0.14
2026-08-07,BRITANNIA,09:20:00,5651.37,5520.5,19,4.53,2.32,12:05:00,5517.74,stop,84.57,-2623.62,-1.06
2026-08-07,DEEPAKNTR,09:20:00,1812.86,1763.1,50,3.52,2.77,15:10:00,1797.1,time_15:10,79.13,-866.88,-0.35
2026-08-07,NCC,09:20:00,148.5,146.12,1048,3.27,1.55,09:40:00,146.05,stop,101.68,-2676.9,-1.07
2026-08-07,TATACHEM,09:20:00,699.4,676.25,107,5.39,3.36,11:20:00,675.91,stop,73.03,-2586.21,-1.04
2026-08-07,MOTHERSON,09:50:00,163.75,155.77,313,5.59,5.04,15:10:00,169.09,time_15:10,55.54,1613.87,0.65
2026-08-10,BLS,09:20:00,262.93,258.03,510,3.33,1.83,09:25:00,257.9,stop,94.04,-2659.55,-1.06
2026-08-10,CONCORDBIO,09:20:00,1414.06,1377.2,67,3.54,2.62,15:10:00,1414.29,time_15:10,80.82,-65.02,-0.03
2026-08-10,NAUKRI,09:20:00,1268.08,1239.7,88,3.44,2.23,09:30:00,1239.08,stop,86.06,-2638.38,-1.06
2026-08-10,RAMCOCEM,09:20:00,967.73,929.15,64,3.58,4.1,15:10:00,953.42,time_15:10,65.24,-981.11,-0.4
2026-08-10,POWERINDIA,09:25:00,35017.55,34250.0,3,7.36,2.19,15:10:00,36231.88,time_15:10,85.52,3557.45,1.54
2026-08-10,EMMVEE,09:30:00,330.11,323.25,364,3.47,2.06,15:10:00,323.94,time_15:10,89.19,-2337.63,-0.94
2026-08-11,CHENNPETRO,09:20:00,1298.7,1245.2,46,4.67,4.24,15:10:00,1424.29,time_15:10,67.2,5709.87,2.32
2026-08-11,FRACTAL,09:20:00,835.62,817.0,134,3.67,2.22,15:10:00,825.89,time_15:10,86.55,-1390.48,-0.56
2026-08-11,KPRMILL,09:20:00,1143.52,1093.9,50,5.24,4.48,15:10:00,1098.75,time_15:10,59.33,-2297.89,-0.93
2026-08-11,NAUKRI,09:20:00,1325.51,1294.4,80,3.34,2.35,15:10:00,1360.92,time_15:10,85.64,2746.9,1.1
2026-08-11,OIL,09:20:00,475.29,461.3,178,4.87,2.97,15:10:00,471.76,time_15:10,77.04,-704.22,-0.28
2026-08-11,BSOFT,09:30:00,328.86,319.05,254,3.61,3.01,15:10:00,320.84,time_15:10,76.25,-2114.56,-0.85
2026-08-11,GLAND,09:30:00,2918.51,2812.1,23,9.36,3.73,15:10:00,2921.84,time_15:10,71.04,5.55,0.0
2026-08-11,BOSCHLTD,12:20:00,45582.83,44220.0,1,4.72,3.03,15:10:00,45252.36,time_15:10,48.23,-378.7,-0.28
2026-08-12,APARINDS,09:20:00,17284.69,16869.0,6,3.15,2.41,15:10:00,17742.12,time_15:10,84.79,2659.83,1.07
2026-08-12,HINDALCO,09:20:00,1088.14,1061.5,93,3.67,2.45,15:10:00,1075.36,time_15:10,82.76,-1271.47,-0.51
2026-08-12,NATIONALUM,09:20:00,416.81,399.05,140,7.37,4.39,15:10:00,417.99,time_15:10,62.12,103.44,0.04
2026-08-12,TDPOWERSYS,09:20:00,697.9,680.9,147,9.37,2.44,15:10:00,738.63,time_15:10,85.32,5902.24,2.36
2026-08-12,FINCABLES,09:25:00,1325.31,1233.0,27,9.67,7.43,15:10:00,1283.51,time_15:10,37.31,-1166.03,-0.47
2026-08-12,HFCL,09:25:00,221.16,215.46,438,3.18,2.57,09:50:00,215.35,stop,80.84,-2624.85,-1.05
2026-08-13,ASTRAL,09:20:00,1559.73,1502.1,43,6.49,3.78,15:10:00,1594.4,time_15:10,71.43,1419.51,0.57
2026-08-13,BHARTIHEXA,09:20:00,1538.52,1515.4,108,3.48,1.47,15:10:00,1565.72,time_15:10,107.0,2830.37,1.13
2026-08-13,FLUOROCHEM,09:20:00,4757.23,4571.0,13,4.14,4.02,15:10:00,4720.44,time_15:10,65.42,-543.68,-0.22
2026-08-13,HFCL,09:20:00,228.66,223.0,441,3.17,2.47,15:10:00,227.64,time_15:10,82.85,-536.26,-0.21
2026-08-13,HINDCOPPER,09:20:00,568.83,549.5,129,3.81,3.46,13:20:00,549.23,stop,72.51,-2602.07,-1.04
2026-08-13,SARDAEN,09:20:00,508.75,494.25,172,3.89,2.78,15:10:00,527.49,time_15:10,79.17,3142.71,1.26
2026-08-13,STLTECH,09:20:00,678.24,658.0,123,4.13,3.02,15:10:00,659.67,time_15:10,76.14,-2360.12,-0.95
2026-08-13,AZAD,09:40:00,2566.83,2484.2,30,3.47,3.27,15:10:00,2669.86,time_15:10,75.41,3015.54,1.22
2026-08-13,URBANCO,09:45:00,144.62,140.81,655,3.96,2.62,13:10:00,140.74,stop,80.08,-2623.23,-1.05
2026-08-14,CESC,09:20:00,171.28,166.0,473,3.86,2.78,09:55:00,165.92,stop,75.22,-2609.83,-1.05
2026-08-14,FIRSTCRY,09:20:00,220.93,215.02,422,3.12,2.67,10:10:00,214.91,stop,79.55,-2619.11,-1.05
2026-08-14,HONASA,09:20:00,500.3,489.05,222,4.3,2.24,10:00:00,488.81,stop,85.87,-2637.66,-1.06
2026-08-14,JUBLFOOD,09:20:00,515.96,496.15,126,4.91,3.93,15:10:00,504.9,time_15:10,68.2,-1461.81,-0.59
2026-08-14,WELSPUNLIV,09:25:00,172.92,165.25,326,8.13,4.56,14:00:00,165.17,stop,58.29,-2584.48,-1.03
2026-08-14,FLUOROCHEM,10:00:00,4882.49,4746.8,18,3.51,2.81,14:30:00,4744.43,stop,77.67,-2562.81,-1.05
2026-08-17,HINDCOPPER,09:20:00,550.88,536.65,175,4.07,2.59,15:10:00,573.41,time_15:10,82.54,3861.59,1.55
2026-08-17,PTCIL,09:20:00,19709.9,19256.0,5,3.41,2.31,10:00:00,19246.37,stop,81.5,-2399.14,-1.06
2026-08-17,PWL,09:20:00,121.4,114.62,368,3.6,5.82,15:10:00,121.83,time_15:10,47.58,110.06,0.04
2026-08-17,CEMPRO,09:25:00,1355.63,1324.9,81,4.32,2.26,14:55:00,1324.24,stop,85.43,-2628.01,-1.06
2026-08-17,WELSPUNLIV,10:25:00,169.4,165.38,621,3.21,2.35,12:45:00,165.3,stop,83.79,-2634.46,-1.05
2026-08-17,BALRAMCHIN,12:05:00,652.38,632.05,122,4.35,3.16,15:10:00,655.67,time_15:10,75.56,326.55,0.13
2026-08-18,AEGISLOG,09:20:00,1337.32,1308.7,87,3.84,2.13,15:10:00,1376.81,time_15:10,89.47,3346.42,1.34
2026-08-18,RRKABEL,09:20:00,2839.47,2768.0,34,3.25,2.53,15:10:00,2802.7,time_15:10,81.09,-1331.31,-0.55
2026-08-18,SCHNEIDER,09:20:00,1252.68,1220.0,76,3.29,2.62,15:10:00,1273.06,time_15:10,81.42,1468.0,0.59
2026-08-18,WELSPUNLIV,09:20:00,175.02,168.38,376,4.03,3.86,15:10:00,177.85,time_15:10,70.55,994.87,0.4
2026-08-18,PCBL,14:15:00,326.01,317.35,288,3.3,2.66,15:10:00,326.09,time_15:10,80.52,-59.22,-0.02
2026-08-19,ATGL,09:20:00,676.29,654.25,113,4.43,3.31,15:10:00,663.92,time_15:10,73.91,-1471.73,-0.59
2026-08-19,SAMMAANCAP,09:20:00,154.89,150.68,594,3.05,2.71,15:10:00,153.85,time_15:10,79.67,-694.08,-0.28
2026-08-19,WELCORP,10:05:00,1978.04,1930.5,52,3.13,2.41,15:10:00,1973.01,time_15:10,83.62,-344.95,-0.14
2026-08-20,MCX,09:20:00,3064.48,3007.6,43,3.03,1.84,15:10:00,3117.84,time_15:10,94.61,2199.82,0.9
2026-08-20,MUTHOOTFIN,09:20:00,2970.23,2920.1,49,3.84,1.66,15:10:00,2965.52,time_15:10,98.77,-329.95,-0.13
2026-08-20,EMMVEE,09:30:00,328.81,324.4,566,3.69,1.29,15:10:00,325.34,time_15:10,112.67,-2080.69,-0.83
2026-08-20,TITAGARH,09:35:00,858.23,837.95,123,3.13,2.36,15:10:00,849.67,time_15:10,84.35,-1136.49,-0.46
2026-08-21,JBMA,09:20:00,681.39,648.25,75,9.26,5.05,15:10:00,672.66,time_15:10,53.89,-708.42,-0.29
2026-08-21,OLECTRA,09:20:00,1336.72,1300.0,68,3.47,2.77,15:10:00,1325.14,time_15:10,79.22,-866.73,-0.35
2026-08-21,PIRAMALFIN,09:20:00,2194.45,2155.0,63,3.07,1.78,15:10:00,2179.61,time_15:10,95.98,-1030.72,-0.41
2026-08-21,URBANCO,09:20:00,154.03,151.1,854,5.81,1.85,09:50:00,151.02,stop,93.13,-2657.29,-1.06
2026-08-21,BBOX,09:25:00,777.19,765.0,205,3.36,1.48,15:10:00,778.36,time_15:10,103.8,136.51,0.05
2026-08-21,WELCORP,09:25:00,2170.13,2133.4,68,8.17,1.67,15:10:00,2330.53,time_15:10,102.69,10804.48,4.33
2026-08-21,IIFL,09:35:00,663.88,648.0,157,4.22,2.39,15:10:00,680.51,time_15:10,84.93,2525.63,1.01
2026-08-24,CYIENT,09:20:00,926.36,899.0,91,3.72,2.99,11:50:00,898.55,stop,76.38,-2607.32,-1.05
2026-08-24,FINCABLES,09:20:00,1303.7,1270.0,74,3.38,2.6,11:05:00,1269.37,stop,80.7,-2621.6,-1.05
2026-08-24,HEXT,09:20:00,563.03,535.85,91,5.69,5.01,15:10:00,562.22,time_15:10,54.41,-128.36,-0.05
2026-08-24,HSCL,09:20:00,676.79,661.0,158,3.37,2.33,15:10:00,667.17,time_15:10,84.7,-1604.98,-0.64
2026-08-24,NETWEB,09:20:00,5772.94,5571.1,12,3.02,3.57,10:05:00,5568.31,stop,71.07,-2526.52,-1.04
2026-08-24,TDPOWERSYS,09:20:00,792.35,774.8,142,3.2,2.21,09:25:00,774.41,stop,86.39,-2632.93,-1.06
2026-08-24,VMM,10:00:00,113.42,109.52,641,9.6,3.46,15:10:00,112.8,time_15:10,72.88,-465.89,-0.19
2026-08-24,PTCIL,13:50:00,21274.68,20592.0,3,3.08,3.26,15:10:00,21617.19,time_15:10,68.49,959.02,0.47
2026-08-25,FACT,09:20:00,852.48,809.45,58,8.65,5.26,15:10:00,876.16,time_15:10,53.43,1320.34,0.53
2026-08-25,GESHIP,09:20:00,1374.04,1350.0,104,3.03,1.73,09:25:00,1349.33,stop,97.16,-2667.18,-1.07
2026-08-25,PARADEEP,09:20:00,154.69,151.53,791,3.49,2.0,15:10:00,159.51,time_15:10,91.71,3723.2,1.49
2026-08-25,PVRINOX,09:20:00,1269.48,1245.3,103,3.01,1.89,09:30:00,1244.68,stop,92.86,-2647.99,-1.06
2026-08-26,CGCL,09:20:00,248.43,240.68,322,3.6,3.15,15:10:00,256.66,time_15:10,76.34,2572.89,1.03
2026-08-26,CYIENT,09:20:00,1012.26,985.5,93,3.34,2.66,15:10:00,1046.73,time_15:10,81.52,3124.23,1.26
2026-08-26,HINDZINC,09:20:00,611.56,600.25,221,3.15,1.82,15:10:00,630.23,time_15:10,96.34,4031.74,1.61
2026-08-26,OLAELEC,09:20:00,38.18,36.69,1678,5.41,3.87,15:10:00,37.89,time_15:10,67.78,-551.1,-0.22
2026-08-26,PWL,09:20:00,125.08,122.61,1011,3.02,1.92,15:10:00,125.83,time_15:10,92.29,660.45,0.26
2026-08-26,SAGILITY,09:20:00,44.44,43.48,2598,3.25,2.05,15:10:00,44.15,time_15:10,87.95,-852.53,-0.34
2026-08-26,IRB,09:25:00,19.4,18.89,4904,3.08,2.38,15:10:00,19.44,time_15:10,81.01,117.99,0.05
2026-08-26,RUBICON,10:20:00,1797.95,1755.9,59,5.16,2.34,15:10:00,1824.59,time_15:10,85.29,1486.39,0.6
2026-08-27,DEVYANI,09:20:00,155.28,152.06,776,3.91,2.03,09:35:00,151.98,stop,89.22,-2645.08,-1.06
2026-08-27,STLTECH,09:20:00,694.25,683.7,237,4.7,1.48,15:10:00,695.5,time_15:10,105.67,191.8,0.08
2026-08-27,WELCORP,09:20:00,2427.91,2319.7,23,5.2,4.47,15:10:00,2399.0,time_15:10,58.92,-723.93,-0.29
2026-08-27,TDPOWERSYS,09:25:00,755.33,731.6,105,3.73,3.18,15:10:00,743.43,time_15:10,74.98,-1324.42,-0.53
2026-08-27,CGPOWER,09:30:00,891.6,875.05,151,3.02,1.83,15:10:00,893.7,time_15:10,95.06,223.15,0.09
2026-08-28,LTM,09:20:00,4610.15,4506.9,24,3.22,2.24,15:10:00,4670.36,time_15:10,86.87,1358.16,0.55
2026-08-28,REDINGTON,09:20:00,374.44,362.75,213,4.42,3.16,15:10:00,365.67,time_15:10,74.96,-1942.98,-0.78
2026-08-28,STLTECH,09:20:00,726.36,701.05,98,4.33,3.49,15:10:00,718.84,time_15:10,72.24,-809.46,-0.33
2026-08-28,TEJASNET,09:20:00,558.18,544.05,176,9.15,2.54,15:10:00,551.67,time_15:10,81.73,-1226.59,-0.49
2026-08-28,ATHERENERG,10:30:00,1579.74,1531.5,51,5.59,3.1,15:10:00,1612.79,time_15:10,76.27,1609.47,0.65
2026-08-31,NIACL,09:20:00,195.25,186.45,284,4.73,4.64,15:10:00,190.78,time_15:10,58.12,-1325.62,-0.53
2026-09-01,ADANIGREEN,09:20:00,1255.28,1226.2,85,3.27,2.32,15:10:00,1254.97,time_15:10,85.05,-110.99,-0.04
2026-09-01,COHANCE,09:20:00,473.49,460.0,185,3.79,2.87,14:00:00,459.77,stop,77.55,-2615.13,-1.05
2026-09-01,GRAPHITE,09:20:00,735.67,708.45,91,4.66,3.78,15:10:00,734.08,time_15:10,70.91,-215.14,-0.09
2026-09-01,HEROMOTOCO,09:20:00,5626.31,5526.5,25,3.18,1.7,14:00:00,5523.74,stop,96.37,-2660.75,-1.07
2026-09-01,VTL,09:20:00,605.3,572.05,75,5.76,5.75,15:10:00,601.7,time_15:10,48.08,-318.34,-0.13
2026-09-01,ADANIPORTS,09:25:00,1644.87,1628.3,150,3.2,0.96,15:10:00,1640.28,time_15:10,134.55,-823.43,-0.33
2026-09-01,PFC,09:25:00,347.02,343.5,709,3.14,0.96,09:45:00,343.33,stop,133.74,-2753.62,-1.1
2026-09-01,ITC,12:05:00,267.43,261.5,421,4.62,2.2,15:10:00,266.47,time_15:10,87.03,-494.12,-0.2
2026-09-02,COALINDIA,09:20:00,417.56,407.8,256,3.92,2.33,15:10:00,415.79,time_15:10,85.0,-537.27,-0.22
2026-09-02,IFCI,09:25:00,90.21,87.13,812,3.32,3.42,15:10:00,98.58,time_15:10,75.14,6725.85,2.69
2026-09-02,NSLNISP,09:30:00,47.11,45.17,1286,3.24,4.14,15:10:00,45.76,time_15:10,63.27,-1807.65,-0.72
2026-09-03,ANANTRAJ,09:20:00,619.16,601.55,141,5.09,2.87,15:10:00,627.69,time_15:10,78.52,1123.73,0.45
2026-09-03,CLEANMAX,09:20:00,1343.62,1301.0,58,6.79,3.22,11:40:00,1300.35,stop,74.13,-2583.9,-1.05
2026-09-03,FIRSTCRY,09:20:00,177.39,172.15,477,3.79,2.93,09:35:00,172.06,stop,76.49,-2616.39,-1.05
2026-09-03,MAHABANK,09:20:00,84.93,82.88,1218,3.02,2.36,15:10:00,86.27,time_15:10,84.37,1540.93,0.62
2026-09-03,SBICARD,09:20:00,666.43,644.75,115,4.87,3.3,15:10:00,660.02,time_15:10,74.18,-811.7,-0.33
2026-09-03,SOLARINDS,09:20:00,21330.71,20795.0,4,3.5,2.52,15:10:00,21434.28,time_15:10,77.59,336.68,0.16
2026-09-03,WELCORP,09:20:00,2623.76,2562.6,40,3.92,2.33,15:10:00,2630.98,time_15:10,84.52,204.38,0.08
2026-09-03,J&KBANK,09:25:00,149.78,146.12,682,3.65,2.42,15:10:00,149.93,time_15:10,83.47,12.11,0.0
2026-09-03,RBLBANK,09:40:00,402.8,397.05,434,3.39,1.39,15:10:00,408.45,time_15:10,109.93,2339.73,0.94
2026-09-03,APARINDS,09:55:00,17348.72,17093.0,9,3.13,1.45,15:10:00,17691.15,time_15:10,103.49,2978.38,1.29
2026-09-03,FINCABLES,09:55:00,1236.57,1208.8,90,3.76,2.24,15:10:00,1276.26,time_15:10,87.71,3484.71,1.39
2026-09-04,ANGELONE,09:20:00,303.1,295.65,335,5.93,2.45,15:10:00,299.35,time_15:10,82.87,-1339.53,-0.54
2026-09-04,BSE,09:20:00,3447.77,3397.1,49,4.23,1.44,13:10:00,3395.4,stop,106.4,-2672.61,-1.08
2026-09-04,HBLENGINE,09:20:00,689.39,670.6,133,3.53,2.74,15:10:00,694.65,time_15:10,79.93,619.38,0.25
2026-09-04,HFCL,09:20:00,231.17,225.0,405,4.82,2.67,15:10:00,231.32,time_15:10,80.44,-16.14,-0.01
2026-09-04,INOXINDIA,09:20:00,2292.1,2222.6,35,5.27,3.07,15:10:00,2245.08,time_15:10,75.19,-1720.84,-0.71
2026-09-04,SUNTV,09:20:00,482.44,465.95,151,3.5,3.48,15:10:00,470.61,time_15:10,72.53,-1858.34,-0.75
2026-09-04,TEJASNET,09:20:00,587.99,570.0,138,3.57,3.1,15:10:00,614.59,time_15:10,77.05,3593.58,1.45
2026-09-04,NIACL,09:30:00,201.48,196.49,500,3.1,2.46,15:10:00,229.71,time_15:10,87.0,14025.2,5.62
2026-09-04,PWL,10:40:00,126.71,123.03,678,5.02,2.9,15:10:00,126.63,time_15:10,77.67,-136.43,-0.05
2026-09-07,ZYDUSWELL,09:20:00,558.78,542.45,153,5.04,2.95,15:10:00,556.62,time_15:10,77.44,-407.57,-0.16
2026-09-08,PCBL,09:20:00,331.57,323.65,315,4.39,2.38,13:45:00,323.49,stop,83.53,-2627.95,-1.05
2026-09-08,TDPOWERSYS,09:20:00,765.38,741.0,102,4.2,3.23,15:10:00,765.62,time_15:10,74.91,-50.99,-0.02
2026-09-08,HINDCOPPER,09:30:00,527.26,521.95,470,3.52,0.96,15:10:00,531.78,time_15:10,135.74,1988.89,0.8
2026-09-08,ONESOURCE,09:50:00,1600.55,1567.2,74,3.06,2.07,13:35:00,1566.42,stop,88.5,-2614.38,-1.06
2026-09-08,PARADEEP,09:50:00,163.64,158.75,511,3.53,3.0,15:10:00,159.45,time_15:10,76.25,-2218.13,-0.89
2026-09-09,MRPL,09:25:00,178.28,174.8,718,3.02,1.91,15:10:00,184.7,time_15:10,93.94,4514.55,1.81
2026-09-09,CHENNPETRO,09:35:00,1526.41,1470.6,44,4.65,3.74,15:10:00,1597.9,time_15:10,71.93,3073.53,1.25
2026-09-10,ATHERENERG,09:20:00,1638.67,1607.4,79,3.66,1.89,15:10:00,1649.08,time_15:10,93.37,728.72,0.29
2026-09-10,CLEAN,09:20:00,852.88,826.05,93,3.24,3.19,15:10:00,846.33,time_15:10,75.17,-684.28,-0.27
2026-09-10,STLTECH,09:20:00,893.5,845.0,51,3.14,5.68,09:35:00,844.58,stop,46.83,-2541.7,-1.03
2026-09-10,TEGA,09:20:00,1737.07,1705.9,80,3.45,1.73,15:10:00,1724.14,time_15:10,96.21,-1130.66,-0.45
2026-09-10,GMDCLTD,09:25:00,594.9,580.9,178,3.49,2.35,13:05:00,580.61,stop,84.04,-2627.26,-1.05
2026-09-11,PINELABS,09:35:00,178.64,171.48,349,3.11,4.09,15:10:00,203.7,time_15:10,70.3,8675.23,3.47
2026-09-15,BSOFT,09:20:00,293.85,288.9,505,4.28,1.64,13:15:00,288.76,stop,99.11,-2670.22,-1.07
2026-09-15,ELGIEQUIP,09:20:00,640.82,629.8,226,3.69,1.52,09:35:00,629.49,stop,97.85,-2659.59,-1.07
2026-09-15,EMAMILTD,09:20:00,377.99,371.2,368,3.85,1.76,15:10:00,373.86,time_15:10,96.12,-1614.46,-0.65
2026-09-15,FSL,09:20:00,259.73,251.35,298,4.85,3.26,15:10:00,280.36,time_15:10,76.43,6071.3,2.43
2026-09-15,HCLTECH,09:20:00,1279.49,1250.5,86,6.03,2.26,15:10:00,1257.47,time_15:10,85.7,-1979.29,-0.79
2026-09-15,HEXT,09:20:00,516.41,503.0,186,3.84,2.6,15:10:00,516.94,time_15:10,81.31,17.89,0.01
2026-09-15,IDBI,09:20:00,86.39,84.38,1241,3.5,2.28,14:10:00,84.34,stop,84.51,-2635.22,-1.05
2026-09-15,INFY,09:20:00,1095.0,1077.2,140,5.47,1.6,09:55:00,1076.66,stop,100.85,-2667.87,-1.07
2026-09-15,LTM,09:20:00,4535.52,4404.3,19,6.04,2.93,13:10:00,4402.1,stop,77.05,-2612.0,-1.05
2026-09-15,MPHASIS,09:20:00,2417.96,2387.6,82,5.31,1.22,09:55:00,2386.41,stop,116.81,-2704.08,-1.09
2026-09-15,NAUKRI,09:20:00,1308.1,1286.9,117,4.53,1.59,09:45:00,1286.26,stop,100.77,-2656.89,-1.07
2026-09-15,PERSISTENT,09:20:00,5738.92,5654.0,29,3.99,1.45,09:55:00,5651.17,stop,105.52,-2650.13,-1.08
2026-09-15,TATAELXSI,09:20:00,3509.65,3453.7,44,3.69,1.56,13:15:00,3451.97,stop,101.26,-2639.22,-1.07
2026-09-15,TCS,09:20:00,2318.21,2272.8,55,5.28,1.94,13:20:00,2271.66,stop,91.7,-2651.67,-1.06
2026-09-15,TECHM,09:20:00,1631.67,1595.7,69,5.83,2.2,12:30:00,1594.9,stop,86.42,-2623.08,-1.06
2026-09-15,TENNIND,09:20:00,529.61,522.45,348,4.54,1.31,09:20:00,522.19,stop(same bar),111.85,-2696.06,-1.08
2026-09-15,WIPRO,09:20:00,173.24,171.06,1148,3.43,1.19,12:05:00,170.97,stop,117.02,-2713.91,-1.09
2026-09-15,ZENSARTECH,09:20:00,451.98,436.8,164,6.23,3.41,15:10:00,439.43,time_15:10,72.91,-2130.4,-0.86
2026-09-15,KPITTECH,09:25:00,571.14,560.0,224,3.09,1.93,15:10:00,563.42,time_15:10,92.1,-1820.77,-0.73
2026-09-16,APOLLOTYRE,09:20:00,420.86,411.25,260,3.56,2.13,09:25:00,411.04,stop,85.29,-2637.44,-1.06
2026-09-16,CEMPRO,09:20:00,1264.58,1227.3,67,4.71,2.98,09:40:00,1226.69,stop,76.53,-2615.54,-1.05
2026-09-16,LALPATHLAB,09:20:00,2013.26,1935.0,31,5.55,3.99,09:30:00,1934.03,stop,64.76,-2520.69,-1.04
2026-09-17,HBLENGINE,09:20:00,731.37,713.95,143,3.74,2.38,15:10:00,756.62,time_15:10,85.35,3526.26,1.42
2026-09-17,IFCI,09:20:00,80.19,75.75,563,6.78,5.74,15:10:00,76.98,time_15:10,46.82,-1853.26,-0.74
2026-09-17,NIACL,09:20:00,198.88,186.53,202,7.92,6.54,15:10:00,196.77,time_15:10,42.42,-468.2,-0.19
2026-09-17,SYRMA,09:20:00,1573.84,1521.8,48,4.09,3.36,15:10:00,1615.79,time_15:10,74.58,1939.27,0.78
2026-09-18,ATGL,09:20:00,613.76,589.65,103,4.51,3.79,15:10:00,663.17,time_15:10,69.87,5019.52,2.02
2026-09-18,CAPLIPOINT,09:20:00,2685.09,2607.0,32,3.36,2.94,15:10:00,2728.83,time_15:10,78.09,1321.69,0.53
2026-09-18,CARTRADE,09:20:00,3063.48,2951.2,22,4.22,3.75,15:10:00,2968.61,time_15:10,70.03,-2157.09,-0.87
2026-09-18,SUPREMEIND,09:20:00,3461.58,3354.5,23,3.45,3.14,15:10:00,3468.86,time_15:10,75.5,92.05,0.04
2026-09-18,TDPOWERSYS,09:20:00,746.27,727.35,132,3.3,2.54,15:10:00,765.87,time_15:10,82.9,2503.5,1.0
2026-09-18,WELCORP,09:20:00,2551.38,2472.6,31,3.65,2.85,15:10:00,2662.77,time_15:10,76.26,3376.92,1.38
2026-09-18,IGIL,09:25:00,325.26,318.25,356,3.24,2.14,15:10:00,330.78,time_15:10,88.85,1876.97,0.75
2026-09-18,ACMESOLAR,09:30:00,428.96,413.0,156,4.24,3.8,15:10:00,435.73,time_15:10,71.25,984.51,0.4
2026-09-18,THANGAMAYL,09:30:00,4973.04,4796.0,14,3.32,3.64,15:10:00,5048.97,time_15:10,72.21,990.94,0.4
2026-09-18,AZAD,09:50:00,2693.0,2614.0,31,3.31,2.97,15:10:00,2795.1,time_15:10,77.73,3087.55,1.26
2026-09-21,ACMESOLAR,09:20:00,450.68,438.95,213,3.49,2.51,15:10:00,458.32,time_15:10,81.73,1546.76,0.62
2026-09-21,CARBORUNIV,09:20:00,1196.15,1154.6,60,6.33,3.54,11:50:00,1154.02,stop,71.94,-2599.44,-1.04
2026-09-21,JYOTICNC,09:20:00,1088.84,1058.3,81,3.68,2.83,15:10:00,1109.45,time_15:10,78.97,1589.7,0.64
2026-09-21,RAMCOCEM,09:20:00,896.8,883.3,185,3.06,1.47,09:45:00,882.86,stop,105.32,-2684.19,-1.07
2026-09-21,PATANJALI,09:35:00,381.94,365.4,151,4.02,4.46,15:10:00,397.5,time_15:10,62.8,2286.8,0.92
2026-09-22,CLEANMAX,09:20:00,1396.15,1340.4,44,4.1,4.1,15:10:00,1359.32,time_15:10,64.25,-1684.67,-0.69
2026-09-22,GRSE,09:20:00,2454.48,2402.3,47,3.42,2.12,10:40:00,2401.1,stop,87.41,-2596.17,-1.06
2026-09-22,GVT&D,09:20:00,4500.1,4421.0,31,3.02,1.74,10:40:00,4418.79,stop,95.97,-2616.57,-1.07
2026-09-22,HINDCOPPER,09:20:00,520.06,510.75,268,3.15,1.76,11:55:00,510.49,stop,95.92,-2659.41,-1.07
2026-09-22,HFCL,09:25:00,221.96,218.1,647,3.52,1.7,15:10:00,220.1,time_15:10,97.81,-1301.89,-0.52
2026-09-22,PIIND,09:35:00,2396.15,2350.0,54,3.15,1.91,15:10:00,2383.31,time_15:10,92.91,-786.26,-0.32
2026-09-22,SANSERA,09:35:00,4488.99,4398.4,27,4.42,2.01,15:10:00,4565.62,time_15:10,90.8,1978.01,0.81
2026-09-22,THANGAMAYL,13:10:00,5127.11,4975.0,16,3.94,3.01,15:10:00,5122.94,time_15:10,76.29,-143.09,-0.06
2026-09-23,ELECON,09:20:00,440.17,420.5,127,4.61,4.61,15:10:00,462.82,time_15:10,61.26,2815.1,1.13
2026-09-23,OLAELEC,09:20:00,40.57,38.49,1201,7.33,5.22,15:10:00,41.83,time_15:10,52.76,1459.06,0.58
2026-09-23,VISL,09:20:00,33.46,32.47,2533,3.82,2.83,15:10:00,33.8,time_15:10,77.52,799.83,0.32
2026-09-23,WELCORP,09:20:00,2815.76,2749.9,37,3.03,2.34,15:10:00,2798.4,time_15:10,83.98,-726.19,-0.3
2026-09-23,JUBLINGREA,09:25:00,637.37,631.25,408,3.15,0.91,15:10:00,639.58,time_15:10,139.73,762.58,0.31
2026-09-23,RHIM,09:25:00,392.1,384.55,331,3.35,1.9,15:10:00,388.96,time_15:10,92.95,-1132.46,-0.45
2026-09-23,360ONE,09:30:00,1110.2,1084.0,95,3.37,2.36,15:10:00,1108.65,time_15:10,84.58,-232.72,-0.09
2026-09-23,OLECTRA,10:40:00,1260.68,1229.0,78,3.52,2.52,15:10:00,1273.36,time_15:10,82.37,906.9,0.37
2026-09-23,THANGAMAYL,11:20:00,5300.7,5189.5,22,3.49,2.09,15:10:00,5332.33,time_15:10,88.78,607.16,0.25
2026-09-25,BALRAMCHIN,09:20:00,680.09,659.15,119,3.09,3.12,15:10:00,684.56,time_15:10,76.07,455.59,0.18
2026-09-25,POLICYBZR,09:20:00,1245.57,1151.4,26,3.13,8.12,10:00:00,1150.82,stop,32.84,-2496.29,-1.02
2026-09-25,WELCORP,09:25:00,2813.96,2765.2,51,4.47,1.71,15:10:00,2833.58,time_15:10,98.41,902.53,0.36
2026-09-28,CLEANMAX,09:20:00,1438.77,1320.3,21,3.2,8.91,15:10:00,1383.81,time_15:10,31.37,-1185.56,-0.48
2026-09-28,PFOCUS,09:20:00,325.81,317.0,283,3.23,2.71,13:30:00,316.84,stop,79.19,-2618.07,-1.05
2026-09-28,TTML,09:30:00,37.07,34.58,1004,7.58,7.0,15:10:00,36.28,time_15:10,39.05,-828.87,-0.33
2026-09-29,AZAD,09:20:00,2818.76,2751.1,36,3.46,2.41,15:10:00,2911.84,time_15:10,84.17,3266.88,1.34
2026-09-30,AEGISLOG,09:20:00,1353.63,1315.1,64,4.09,2.87,15:10:00,1379.31,time_15:10,78.41,1565.34,0.63
2026-09-30,COFORGE,09:20:00,1796.15,1764.8,79,4.25,1.72,13:10:00,1763.92,stop,96.81,-2642.99,-1.07
2026-09-30,FSL,09:20:00,266.08,249.05,146,6.85,6.77,15:10:00,256.02,time_15:10,40.35,-1509.26,-0.61
2026-09-30,GODFRYPHLP,09:20:00,1930.01,1882.1,52,3.6,2.49,15:10:00,1905.65,time_15:10,82.45,-1349.57,-0.54
2026-09-30,JUBLINGREA,09:20:00,659.33,643.4,156,3.11,2.3,15:10:00,653.37,time_15:10,83.43,-1012.62,-0.41
2026-09-30,KAJARIACER,09:20:00,1231.37,1220.0,219,3.38,0.88,15:10:00,1235.98,time_15:10,143.17,867.8,0.35
2026-09-30,PERSISTENT,09:20:00,5324.71,5219.5,23,3.1,1.96,15:10:00,5241.88,time_15:10,90.11,-1995.27,-0.82
2026-09-30,SOLARINDS,09:20:00,19644.87,19200.0,5,5.28,2.27,15:10:00,19545.22,time_15:10,81.91,-580.13,-0.26
2026-09-30,TEGA,09:20:00,2126.11,2079.0,53,3.13,2.21,12:35:00,2077.96,stop,86.45,-2638.51,-1.06
2026-09-30,KSB,09:25:00,878.49,846.85,79,6.46,3.68,11:15:00,846.43,stop,71.1,-2604.03,-1.04
2026-09-30,UNIONBANK,09:35:00,172.17,170.0,1154,3.66,1.19,15:10:00,170.91,time_15:10,117.28,-1561.56,-0.62
2026-09-30,INTELLECT,10:25:00,632.42,614.45,139,3.07,2.86,15:05:00,614.14,stop,77.66,-2617.65,-1.05
2026-10-01,MPHASIS,09:20:00,2221.16,2188.6,76,3.05,1.43,15:10:00,2257.17,time_15:10,107.88,2628.94,1.06
2026-10-01,TARIL,09:25:00,292.75,272.8,125,8.33,7.24,15:10:00,279.76,time_15:10,37.85,-1661.13,-0.67
2026-10-01,KOTAKBANK,09:45:00,432.22,423.1,274,3.6,2.09,12:10:00,422.89,stop,88.48,-2644.23,-1.06
