Date,portfolio_ret,positions,equity
2002-10-01,0.036704396577826204,1,1.0367043965778262
2002-11-01,0.04504364226200053,2,1.0834013385487211
2002-12-01,0.12998481542267903,3,1.2242270615686601
2003-01-01,-0.005808777548843532,6,1.2171157988987333
2003-02-01,0.04705678119476059,8,1.2743893507361974
2003-03-01,-0.061077712981506646,8,1.1965525637452432
2003-04-01,0.029314367211932243,8,1.2316287449872503
2003-05-01,0.26356960849953576,7,1.5562486511203144
2003-06-01,0.18468661761087604,12,1.8436669506572136
2003-07-01,0.11624713822015394,14,2.0579879575021924
2003-08-01,0.24435627273674573,16,2.5608702241345362
2003-09-01,0.036950750749809844,20,2.6554963014891415
2003-10-01,0.12389196689135731,20,2.984490961353356
2003-11-01,0.056561055386339036,22,3.1532969199184913
2003-12-01,0.19099140905066847,22,3.7555495418088563
2004-01-01,-0.03944024415010169,24,3.6074297509621123
2004-02-01,0.008411881192146092,25,3.6377750214362186
2004-03-01,-0.008250605436808523,24,3.6077611750664706
2004-04-01,0.026809232402232736,25,3.7044824828605796
2004-05-01,-0.1830512031839278,25,3.0263725071991665
2004-06-01,0.017525638262898265,25,3.0794116170091197
2004-07-01,0.12155220300166895,25,3.4537208830055097
2004-08-01,0.05549584224336604,25,3.645388032281402
2004-09-01,0.09287737607099028,25,3.983962107480289
2004-10-01,0.01870924934116701,26,4.058499047914899
2004-11-01,0.09794607290049744,27,4.456013091528572
2004-12-01,0.12537779619312756,28,5.0146981927521495
2005-01-01,-0.010617079075337377,29,4.961456745500748
2005-02-01,0.039712664925392493,30,5.158489414776648
2005-03-01,-0.03947026441967716,30,4.954882473569308
2005-04-01,-0.03664587286356415,31,4.773306480388984
2005-05-01,0.0780950393457885,30,5.146078037784469
2005-06-01,0.03217498924368836,30,5.311653043297365
2005-07-01,0.11003498293610302,31,5.89612069527909
2005-08-01,0.07063523168624186,31,6.312594546640175
2005-09-01,0.07585159674860273,31,6.791414922629353
2005-10-01,-0.09307135373468468,33,6.1593287420063
2005-11-01,0.11408842148773408,33,6.86203683560583
2005-12-01,0.07323752301290072,32,7.364595416268885
2006-01-01,0.05774894944654514,33,7.789893064657254
2006-02-01,0.03288044716675475,34,8.046028232004385
2006-03-01,0.09860274382474873,35,8.83938869257141
2006-04-01,0.5003785108066255,35,13.262428843001215
2006-05-01,-0.20628247476336187,37,10.526622199893936
2006-06-01,-0.040746498717724074,37,10.097699201923993
2006-07-01,0.0009123798377319385,34,10.10691213908331
2006-08-01,0.09611794452351419,31,11.07836775937175
2006-09-01,0.05434776792245405,31,11.680452319317682
2006-10-01,0.029350675056953626,35,12.023281479860216
2006-11-01,0.007415290235017689,35,12.112437601610694
2006-12-01,0.02235392139128593,34,12.383198079613956
2007-01-01,0.06418984713195307,34,13.178073671349072
2007-02-01,-0.09537535566227563,34,11.921210208000485
2007-03-01,-0.006052936827820203,34,11.849051875700294
2007-04-01,0.07365090326600292,33,12.721745249191347
2007-05-01,0.03722692365530093,36,13.19533668834518
2007-06-01,0.03236929921965657,37,13.622460489914335
2007-07-01,0.018966820876234896,37,13.880835257920126
2007-08-01,0.005399560931241273,36,13.955785673671786
2007-09-01,0.142988345615643,36,15.951300378916608
2007-10-01,0.10736754720467478,34,17.663952375325884
2007-11-01,0.029664074124131495,34,18.18793716791268
2007-12-01,0.10615678946074503,34,20.118710184572045
2008-01-01,-0.21920428041860301,34,15.708602795612512
2008-02-01,0.0357575770188169,34,16.27030436993463
2008-03-01,-0.11997329328273755,32,14.318302371961058
2008-04-01,0.12281973619339452,31,16.07687249202257
2008-05-01,-0.05729854832290984,32,15.155691036657155
2008-06-01,-0.15932962808572615,32,12.740940420404398
2008-07-01,0.06323652250969673,30,13.546633186094004
2008-08-01,0.03150510939972569,24,13.97342134661985
2008-09-01,-0.1334328471496131,25,12.108907951919182
2008-10-01,-0.19500637303199927,25,9.747593730837087
2008-11-01,0.0018681690493468409,19,9.765803883750646
2008-12-01,0.093066498999511,11,10.674673061127145
2009-01-01,-0.009250047694786686,11,10.575931826185464
2009-02-01,-0.050973730603436226,13,10.03683712639718
2009-03-01,0.06280421219069317,14,10.667192775006853
2009-04-01,0.12617088523552175,19,12.013081930407429
2009-05-01,0.34428425841807725,30,16.148996934133354
2009-06-01,-0.002685028071206999,65,16.10563642404337
2009-07-01,0.09189055241727968,71,17.585592252080577
2009-08-01,0.03606714145039339,82,18.21985429532531
2009-09-01,0.0837238902810422,89,19.7452913772837
2009-10-01,-0.029404492504671382,94,19.16469110497781
2009-11-01,0.07319890138622526,93,20.56752543926855
2009-12-01,0.05826336654324009,91,21.76585871282407
2010-01-01,-0.018998247999835943,100,21.352345531068448
2010-02-01,0.005491444313187688,97,21.469600747508252
2010-03-01,0.0712877492547452,89,23.000120262196113
2010-04-01,0.04658223271937683,87,24.071517216823384
2010-05-01,-0.022884863628050138,92,23.52064382799612
2010-06-01,0.06309876222726385,93,25.00476734033101
2010-07-01,0.025174469446900587,87,25.63424909176703
2010-08-01,0.031122785647065613,90,26.432058331473584
2010-09-01,0.08197196118191812,94,28.59874599097933
2010-10-01,0.03797619766088672,100,29.684817621586255
2010-11-01,-0.02878372842336148,102,28.8303778928695
2010-12-01,0.012337671481310231,103,29.18607762399375
2011-01-01,-0.09515285553767952,108,26.408938996126373
2011-02-01,-0.053380055484783924,108,24.999228367218873
2011-03-01,0.08894260799750321,99,27.222724936124486
2011-04-01,0.02891096082678283,104,28.009760070351064
2011-05-01,-0.015443582717071443,105,27.577189023819273
2011-06-01,0.014594952404319793,104,27.979676785066847
2011-07-01,0.021766706410943644,102,28.588702195120494
2011-08-01,-0.05260318173955146,102,27.084845497852655
2011-09-01,-0.014218166488741624,101,26.69974865524234
2011-10-01,0.04279317045772192,95,27.842315550624463
2011-11-01,-0.068434937066546,94,25.93692843813056
2011-12-01,-0.050205662856038245,92,24.63474775344459
2012-01-01,0.10363220175264652,84,27.187700902755115
2012-02-01,0.07921202187077302,110,29.34129366128019
2012-03-01,0.01400599627484519,114,29.752247710999217
2012-04-01,0.01838296827177694,115,30.299182336684563
2012-05-01,-0.044477622752357,110,28.951546735008627
2012-06-01,0.03895578573368468,107,30.07937698627638
2012-07-01,0.01316428852113238,101,30.47535058345963
2012-08-01,0.02642681609208001,103,31.28071706867038
2012-09-01,0.06472819699865243,98,33.305461485350385
2012-10-01,0.00692391549662357,104,33.53606568625101
2012-11-01,0.04313976923684107,108,34.98280382106742
2012-12-01,0.02353293948823854,109,35.80605202651753
2013-01-01,-0.003797370388811023,110,35.6700831848118
2013-02-01,-0.04974752512681355,106,33.89558482529985
2013-03-01,-0.011971073029309833,99,33.48981830398502
2013-04-01,0.04696559466468596,92,35.062687535843956
2013-05-01,0.025016412413186806,96,35.93983018755534
2013-06-01,-0.03603167237471689,94,34.64485800103438
2013-07-01,-0.02064844282568788,94,33.929495631395945
2013-08-01,-0.04670222845770072,92,32.34491257496393
2013-09-01,0.056405701387547885,88,34.169350055073686
2013-10-01,0.07161590453666995,87,36.6164189666979
2013-11-01,0.02210105652938055,101,37.42568051218438
2013-12-01,0.06355178012708461,109,39.804149131201235
2014-01-01,-0.030037860887212307,116,38.60851763686436
2014-02-01,0.04508994214637782,113,40.349373463467984
2014-03-01,0.08429161100391323,107,43.750487155702245
2014-04-01,0.030262534225649486,122,45.07448777064052
2014-05-01,0.10119051799402577,124,49.63559853646702
2014-06-01,0.11677192613711739,141,55.43164298253896
2014-07-01,0.0068456880373631455,163,55.811110717795906
2014-08-01,0.051734753957182904,170,58.69848479885817
2014-09-01,0.06582071840124286,171,62.56206123738345
2014-10-01,0.029477774579670924,173,64.40625157577861
2014-11-01,0.03934124320402069,177,66.94007358288066
2014-12-01,0.009654280790457314,183,67.58633184938367
2015-01-01,0.046764311952349605,183,70.74696015570326
2015-02-01,0.01081354012793135,180,71.51198524827613
2015-03-01,0.001997333611417217,181,71.65481854003168
2015-04-01,-0.02201741303541641,181,70.07716480425799
2015-05-01,0.036550608196105006,174,72.63852779851231
2015-06-01,-0.003993655388282557,175,72.34843455057288
2015-07-01,0.08294758968650774,175,78.34956281413496
2015-08-01,-0.05204039113200044,178,74.27222092026614
2015-09-01,0.0026306822643296836,177,74.46760753457345
2015-10-01,0.030033978350870648,170,76.70416604710796
2015-11-01,0.021678888730649916,174,78.3670271280205
2015-12-01,0.017138920150814585,177,79.71015334842436
2016-01-01,-0.07704983040772148,178,73.56849955115479
2016-02-01,-0.08602539921628113,178,67.23974000752389
2016-03-01,0.11093197832802225,170,74.69877738882039
2016-04-01,0.039973322324093716,173,77.68473569459942
2016-05-01,0.027988264074047774,176,79.85899659174248
2016-06-01,0.04706341732498399,180,83.61743387549413
2016-07-01,0.06275205079875147,182,88.86459933371039
2016-08-01,0.036379260235502406,187,92.0974277185951
2016-09-01,-0.0034548290155784443,189,91.77924685305275
2016-10-01,0.03400792303164946,188,94.90046841593413
2016-11-01,-0.05553626939598504,187,89.63005043618165
2016-12-01,-0.018370698222173604,191,87.98348382798035
2017-01-01,0.07354735635709435,190,94.45443646661546
2017-02-01,0.06071334717854247,190,100.18908146036667
2017-03-01,0.050259530595467436,194,105.22453766535574
2017-04-01,0.06171380168709943,200,111.71834391545224
2017-05-01,-0.0019667362815457626,196,111.49862339515951
2017-06-01,0.005451805619557247,200,112.10649221675813
2017-07-01,0.0599394063987488,201,118.82608881367656
2017-08-01,0.022480121385516246,203,121.49731371397414
2017-09-01,0.015854482726169072,202,123.42359077552828
2017-10-01,0.07946144953676296,200,133.231008205584
2017-11-01,0.020923050776723177,214,136.01860735530346
2017-12-01,0.05463750164264924,215,143.45032423810972
2018-01-01,-0.004184631578161503,220,142.85003748140542
2018-02-01,-0.0325386423332898,220,138.20189120450092
2018-03-01,-0.05421158195218721,217,130.70974805352085
2018-04-01,0.07603843528997371,213,140.64871277265726
2018-05-01,-0.049121644896752546,214,133.73981664865346
2018-06-01,-0.04786311139214029,215,127.33861290683454
2018-07-01,0.03529665429331375,201,131.83323990479718
2018-08-01,0.040374813365037766,197,137.1559823612616
2018-09-01,-0.11651912621361522,204,121.17468714155737
2018-10-01,-0.011006978182857258,203,119.8409200038757
2018-11-01,0.028447485338277016,188,123.25009281861158
2018-12-01,0.010542256244563043,187,124.54942687927155
2019-01-01,-0.050446928499960735,183,118.26629084678186
2019-02-01,-0.008605302510114411,184,117.24857363729613
2019-03-01,0.07978920727798375,177,126.6037443822903
2019-04-01,-0.024584701570592546,183,123.4912291089321
2019-05-01,0.024929099730105393,182,126.56975427518198
2019-06-01,-0.02181703205510313,174,123.80837788895381
2019-07-01,-0.08001419263986194,170,113.90195049011824
2019-08-01,7.038574773277556e-05,161,113.90996756407172
2019-09-01,0.05878812037639261,128,120.60652044929935
2019-10-01,0.023015385601479303,133,123.38232602349267
2019-11-01,1.991543729360123e-05,141,123.38478323646972
2019-12-01,0.006788705925952436,136,124.22240624559949
2020-01-01,0.04764882501977743,130,130.14145794433176
2020-02-01,-0.04583885065414604,132,124.1759230897087
2020-03-01,-0.2075313717281272,128,98.40552343529504
2020-04-01,0.06340564324044473,103,104.64498894712258
2020-05-01,0.006169298686982366,69,105.29057514003335
2020-06-01,0.06737504660732303,76,112.38453254740496
2020-07-01,0.06644434767780552,86,119.8518495015924
2020-08-01,0.04894485851979211,92,125.71798131878325
2020-09-01,0.03525884942942466,97,130.15065269267345
2020-10-01,0.019707293183434286,100,132.7155697633033
2020-11-01,0.09118265578230803,103,144.8169278779835
2020-12-01,0.06890698643376823,127,154.79582596265166
2021-01-01,0.005077724076350992,146,155.58183645506088
2021-02-01,0.08808458146171368,158,169.2861974022497
2021-03-01,0.03137334282033582,177,174.59727130810154
2021-04-01,0.03079505499678135,183,179.97400388032247
2021-05-01,0.07722903230874577,190,193.8732220407302
2021-06-01,0.05888332053294822,204,205.28912111690997
2021-07-01,0.06345910091648167,214,218.31658417092382
2021-08-01,0.0028814214834587595,221,218.94564626674924
2021-09-01,0.05609017498900426,225,231.22634587893185
2021-10-01,0.012144840888652931,230,234.03455305889608
2021-11-01,-0.0033592593904221584,235,233.24837028884974
2021-12-01,0.05044472339392253,232,245.01451981015398
2022-01-01,0.006038898957404361,224,246.49413773838444
2022-02-01,-0.05943093376162853,233,231.84476096582478
2022-03-01,0.048401956589198214,228,243.06650102152565
2022-04-01,0.02647722592516385,224,249.50222768391163
2022-05-01,-0.05933230500546307,230,234.6986854114273
2022-06-01,-0.04392732718211587,234,224.38899946814703
2022-07-01,0.10472240064265288,229,247.88755417025433
2022-08-01,0.06329930270210139,234,263.57866349776083
2022-09-01,-0.014085329164527715,242,259.8660712616486
2022-10-01,0.03494043827920583,244,268.9459056854259
2022-11-01,0.0368898125345784,243,278.8672697281037
2022-12-01,-0.00381539404158189,249,277.80328120879085
2023-01-01,-0.00526499929509321,250,276.340647129052
2023-02-01,-0.020849795408884444,249,270.57900117325255
2023-03-01,0.00810475767834602,248,272.77197841061064
2023-04-01,0.06576309210459301,245,290.7103071503797
2023-05-01,0.05705248658045172,251,307.2960530478758
2023-06-01,0.0686578402456906,259,328.3943363661681
2023-07-01,0.08908287719822514,259,357.64864870526804
2023-08-01,0.0493034281805856,263,375.2819531705917
2023-09-01,0.04011824809332006,271,390.3376076728352
2023-10-01,-0.01704109550134188,277,383.6858272227171
2023-11-01,0.10122547953395913,275,422.5246090737204
2023-12-01,0.08439992019858411,271,458.1856523614803
2024-01-01,0.07482443098453267,274,492.469133084705
2024-02-01,0.020178422014082598,277,502.40638308099756
2024-03-01,-0.003802151802332293,277,500.49615774606286
2024-04-01,0.08653717839671027,275,543.8076830358019
2024-05-01,0.018711075585923848,278,553.9829096972909
2024-06-01,0.08902036267725078,279,603.2986692355424
2024-07-01,0.06422801361771531,282,642.0473443787524
2024-08-01,0.015537700380234418,291,652.0232836456346
2024-09-01,0.02229857612123257,294,666.5624744688229
2024-10-01,-0.0609845671920934,296,625.9124504568508
2024-11-01,0.0029072172408828472,299,627.7321139241022
2024-12-01,-0.005570929948204974,291,624.2350622911924
2025-01-01,-0.06198060693655196,292,585.544594259308
2025-02-01,-0.10884123796343148,291,521.8131957373298
2025-03-01,0.09322308720673413,285,570.4582327891756
2025-04-01,0.018067907900648928,279,580.7652196003773
2025-05-01,0.07957449318979602,286,626.9793176123379
2025-06-01,0.04271471487763434,292,653.7605603983227
2025-07-01,-0.026140396857509584,293,636.6709998997227
2025-08-01,-0.02360052289416846,295,621.6452313905362
2025-09-01,0.030950337268853424,290,640.8853609636476
2025-10-01,0.04149887758958547,287,667.4813841072353
2025-11-01,-0.008984159508155162,285,661.4846248836917
2025-12-01,0.010866707773445084,285,668.6727849989297
2026-01-01,-0.033113085019851225,281,646.5309662187994
2026-02-01,0.029127826675658625,280,665.3630081432668
2026-03-01,-0.1053145649576476,278,595.290592401747
2026-04-01,0.12884895392801834,272,671.9931625159024
2026-05-01,0.019637691106033257,256,685.1895566667561
2026-06-01,0.02693142853729412,257,703.642690246627
2026-07-01,0.010033557671066102,258,710.7027297590407
2026-08-01,0.01695792268330651,258,722.7547717011095
2026-09-01,-0.042144742584340374,244,692.2944578961625
