,equity
2005-04,999995.4364787198
2005-05,999995.4364787198
2005-06,999995.4364787198
2005-07,1012816.0229534409
2005-08,1023796.6825754341
2005-09,1016106.7274942542
2005-10,987523.9453517089
2005-11,1021220.753286673
2005-12,1031875.3796158493
2006-01,1023540.9403189305
2006-02,1014880.6768484289
2006-03,1021208.535646564
2006-04,1018967.8286703798
2006-05,961996.4155124838
2006-06,908345.9919808025
2006-07,908555.9611740554
2006-08,911481.4344981106
2006-09,920455.9191812347
2006-10,928539.3432526733
2006-11,933945.6119438681
2006-12,953585.7540769568
2007-01,945777.6106455659
2007-02,926544.0292205984
2007-03,924906.7847478949
2007-04,919913.0200735633
2007-05,931482.9402582413
2007-06,949213.7325895168
2007-07,936678.3865865842
2007-08,906395.227835902
2007-09,905081.1008793582
2007-10,941521.3584912091
2007-11,965445.4508162761
2007-12,1034994.8022145819
2008-01,812449.1984707317
2008-02,798251.6818668322
2008-03,766100.8841330287
2008-04,764268.795121642
2008-05,771349.6304552329
2008-06,750576.094216066
2008-07,746504.401551117
2008-08,743388.934611816
2008-09,742351.491021091
2008-10,739103.7614445336
2008-11,739769.5068421181
2008-12,739769.5068421181
2009-01,725524.0352682036
2009-02,725032.2576984153
2009-03,725032.2576984153
2009-04,725032.2576984153
2009-05,725032.2576984153
2009-06,698536.2334780667
2009-07,723247.3199265564
2009-08,797212.8233957512
2009-09,853319.2895511965
2009-10,853391.597445959
2009-11,880992.1167544943
2009-12,965590.1638345033
2010-01,993430.7343008034
2010-02,985049.359895245
2010-03,1035662.3634891593
2010-04,1171780.9725434019
2010-05,1132219.0724580642
2010-06,1169059.9006148307
2010-07,1187636.66429012
2010-08,1259808.6383124092
2010-09,1359318.11823319
2010-10,1371545.546549996
2010-11,1271543.223998777
2010-12,1261376.8067501802
2011-01,1142159.1009018715
2011-02,1131477.1254700662
2011-03,1148759.9296106114
2011-04,1146980.6949998497
2011-05,1143105.9829993197
2011-06,1151764.8313383933
2011-07,1182753.1013283553
2011-08,1176877.544160342
2011-09,1180860.7421436147
2011-10,1194901.2617105166
2011-11,1171115.3177152409
2011-12,1159326.3349755916
2012-01,1152389.8168154513
2012-02,1152518.1641100598
2012-03,1149715.8979333574
2012-04,1157780.4383120276
2012-05,1154721.4814486648
2012-06,1165652.4421385569
2012-07,1182897.2653137268
2012-08,1195273.7059076135
2012-09,1218979.851157262
2012-10,1200869.2052766767
2012-11,1215413.9387639812
2012-12,1328399.9899373036
2013-01,1520362.2506712875
2013-02,1524398.8061510741
2013-03,1476655.6577455762
2013-04,1484426.294750539
2013-05,1484426.294750539
2013-06,1477950.6675523075
2013-07,1480161.7715683025
2013-08,1476124.2348509477
2013-09,1450777.3441631324
2013-10,1404317.9641084815
2013-11,1403435.5506735058
2013-12,1391938.9084576576
2014-01,1385894.5757990908
2014-02,1376808.7953831088
2014-03,1408705.1765512268
2014-04,1420511.9654112307
2014-05,1456056.4704950938
2014-06,1628943.5308317598
2014-07,1735764.5408250755
2014-08,2076788.456990502
2014-09,2465272.4400907466
2014-10,2536920.4872997296
2014-11,2485836.603929211
2014-12,2422082.8446130236
2015-01,2642275.184654313
2015-02,2779883.0457605426
2015-03,2881811.9221250624
2015-04,2825359.665216208
2015-05,2848959.2987193316
2015-06,2730311.695411819
2015-07,2972926.490599703
2015-08,2959420.74213875
2015-09,3022085.1221016143
2015-10,2983053.4900859995
2015-11,2956656.399840014
2015-12,3013740.42041973
2016-01,2879700.342705779
2016-02,2732280.5873087286
2016-03,2788966.442217973
2016-04,2830178.960352939
2016-05,2852564.139296997
2016-06,2865758.222475696
2016-07,2904181.038089334
2016-08,2847527.0825007022
2016-09,2824071.235453568
2016-10,2863156.5363602624
2016-11,2838155.1670136256
2016-12,2844695.7662797733
2017-01,2880181.0103615145
2017-02,2801219.737981761
2017-03,2808240.9758992707
2017-04,2884879.7498989445
2017-05,2806184.831226008
2017-06,2795935.540609096
2017-07,2781829.8511039237
2017-08,2772029.9662576765
2017-09,2803409.1835561297
2017-10,2833808.269074593
2017-11,2921615.518235389
2017-12,2968950.5852584336
2018-01,2911835.3592196465
2018-02,2799989.4752553133
2018-03,2789086.751971353
2018-04,2778650.4959625546
2018-05,2814584.465545187
2018-06,2800559.9546705657
2018-07,2851759.187221788
2018-08,2815418.214881637
2018-09,2731043.076627347
2018-10,2758459.9057261995
2018-11,2775241.260770786
2018-12,2713137.077111373
2019-01,2698179.8323786543
2019-02,2699750.8049448202
2019-03,2699750.8049448202
2019-04,2699750.8049448202
2019-05,2699750.8049448202
2019-06,2675645.789031481
2019-07,2675302.087156467
2019-08,2675302.087156467
2019-09,2675302.087156467
2019-10,2675302.087156467
2019-11,2684822.6716076573
2019-12,2683073.7559324745
2020-01,2757688.569118996
2020-02,2642005.989257824
2020-03,2829629.596966391
2020-04,3319727.227227889
2020-05,3567737.3383176
2020-06,5231261.168350186
2020-07,3631795.1067238934
2020-08,3675220.858621753
2020-09,3341674.201822331
2020-10,3406692.104538003
2020-11,3978212.0986309685
2020-12,4009448.9817472016
2021-01,3941485.898521857
2021-02,4636005.11368967
2021-03,4639973.438696622
2021-04,4681986.200237407
2021-05,6047385.761870064
2021-06,7422544.652462587
2021-07,6869497.50556995
2021-08,6535105.47814479
2021-09,7006558.464016403
2021-10,7506074.299197113
2021-11,8787837.916615123
2021-12,11809881.200014507
2022-01,10888911.2807078
2022-02,9568302.505480973
2022-03,11014788.168299451
2022-04,11045316.001779838
2022-05,10228229.2331178
2022-06,10041877.048945453
2022-07,10314910.42063181
2022-08,10762720.016922742
2022-09,10876072.852571502
2022-10,11182070.978654765
2022-11,11100557.901389582
2022-12,11054148.321615178
2023-01,11122050.940174107
2023-02,11229323.20297034
2023-03,11159463.323836653
2023-04,11476115.352295395
2023-05,12377284.765633432
2023-06,12496586.921639532
2023-07,12831697.719281826
2023-08,13556789.62018345
2023-09,13787124.562671326
2023-10,13893432.007173892
2023-11,14967978.941280272
2023-12,15320968.168879176
2024-01,15837966.910316698
2024-02,16179936.249900198
2024-03,15715319.566686781
2024-04,17312192.686301574
2024-05,18551939.109371014
2024-06,20271550.534765754
2024-07,21421605.361019503
2024-08,20767720.90675016
2024-09,21453423.27727989
2024-10,21371825.12919586
2024-11,21907262.17495807
2024-12,22740509.279358227
2025-01,20933034.369497433
2025-02,18766417.39912753
2025-03,19150071.573845502
2025-04,18977493.007977348
2025-05,19276623.5195802
2025-06,19688995.74173279
2025-07,19839251.793072447
2025-08,19331006.54206206
2025-09,19442903.91319983
2025-10,19343258.046068486
2025-11,19034484.22405194
2025-12,19167573.631668426
2026-01,19072275.624015234
2026-02,19068796.99314816
2026-03,18995975.620537903
2026-04,19282610.058971904
2026-05,19822101.219331626
2026-06,20297242.007703632
2026-07,19982670.997538075
2026-08,20218397.632571757
2026-09,19599524.116431043
