symbol,trades,win_rate,avg_ret,compounded_ret
TITAN.NS,2,50.0,49110.68,74337.8
AJANTPHARM.NS,4,50.0,2166.7225000000003,23494.3
BAJFINANCE.NS,1,100.0,14052.94,14052.9
SUNPHARMA.NS,2,100.0,2524.8,12072.2
SUPREMEIND.NS,3,100.0,1173.0666666666668,10894.0
IPCALAB.NS,7,71.4,151.68571428571428,9737.0
TORNTPHARM.NS,1,100.0,9129.87,9129.9
ATUL.NS,1,100.0,8238.63,8238.6
JBMA.NS,2,100.0,787.67,7495.3
VEDL.NS,5,40.0,885.6120000000001,7480.8
TATAINVEST.NS,5,60.0,251.756,7073.1
BRITANNIA.NS,3,66.7,1476.6833333333334,6781.9
TATACHEM.NS,8,75.0,145.13375,6755.9
KEI.NS,4,50.0,368.87,6444.5
APARINDS.NS,2,100.0,1397.34,6403.4
UNOMINDA.NS,4,50.0,378.8375,5907.7
KPRMILL.NS,3,66.7,469.76666666666665,5816.0
AARTIIND.NS,2,50.0,3055.645,5577.6
BHEL.NS,2,100.0,677.27,5500.3
PIDILITIND.NS,1,100.0,5213.96,5214.0
RELIANCE.NS,6,50.0,264.495,4945.5
FEDERALBNK.NS,7,57.1,119.17714285714285,4831.9
BERGEPAINT.NS,6,33.3,722.9033333333333,4137.5
SUNDARMFIN.NS,4,50.0,559.4875,4028.3
CCL.NS,3,66.7,390.62999999999994,3621.3
BHARATFORG.NS,9,44.4,100.38777777777779,3574.0
TVSMOTOR.NS,5,40.0,243.39600000000002,3524.9
GRANULES.NS,6,50.0,190.35666666666665,3511.8
TATAPOWER.NS,6,33.3,226.38166666666666,3395.4
EICHERMOT.NS,5,40.0,308.358,3239.4
COFORGE.NS,2,50.0,1788.29,3226.9
LTFOODS.NS,2,100.0,452.91499999999996,2952.6
DEEPAKFERT.NS,6,83.3,125.09333333333332,2930.7
CUMMINSIND.NS,6,50.0,128.69500000000002,2850.0
GABRIEL.NS,5,40.0,249.416,2830.4
CHOLAHLDNG.NS,2,100.0,643.255,2812.3
ITC.NS,2,100.0,895.255,2774.6
TDPOWERSYS.NS,1,100.0,2711.6,2711.6
TRENT.NS,3,100.0,725.8066666666667,2698.9
SRF.NS,2,50.0,1779.935,2678.5
HAVELLS.NS,1,100.0,2620.33,2620.3
M&M.NS,5,60.0,130.86399999999998,2512.7
NATCOPHARM.NS,8,37.5,272.37125,2401.3
HBLENGINE.NS,2,100.0,796.665,2381.1
LINDEINDIA.NS,7,42.9,223.6057142857143,2353.3
TATAELXSI.NS,6,50.0,159.67,2218.2
CHOLAFIN.NS,2,100.0,389.28,2157.8
OLECTRA.NS,6,50.0,126.06333333333333,2079.0
WELCORP.NS,5,40.0,395.98199999999997,2021.3
USHAMART.NS,8,25.0,194.45125,2012.0
ELGIEQUIP.NS,4,75.0,193.3475,1914.7
THANGAMAYL.NS,3,66.7,759.5799999999999,1878.3
BAJAJ-AUTO.NS,2,100.0,344.69,1874.5
SOLARINDS.NS,2,100.0,891.17,1818.1
MRF.NS,5,60.0,174.98,1814.8
KAJARIACER.NS,6,33.3,245.77666666666664,1811.8
APOLLOHOSP.NS,4,50.0,201.3675,1796.8
RADICO.NS,5,20.0,699.3320000000001,1739.6
CEMPRO.NS,4,50.0,201.3125,1729.0
BEL.NS,3,100.0,316.36999999999995,1690.2
HCLTECH.NS,3,66.7,251.88666666666666,1640.6
ANANTRAJ.NS,2,50.0,1055.92,1621.7
SCHAEFFLER.NS,5,40.0,140.86999999999998,1592.3
SHREECEM.NS,6,50.0,307.58,1579.9
TATACONSUM.NS,8,37.5,92.31625,1540.4
INDUSINDBK.NS,3,33.3,573.28,1502.1
GVT&D.NS,2,100.0,615.3399999999999,1497.7
HINDZINC.NS,4,75.0,124.25999999999999,1495.6
WELSPUNLIV.NS,6,50.0,163.15833333333333,1480.8
SAIL.NS,6,33.3,203.035,1477.4
PGEL.NS,1,100.0,1457.57,1457.6
MCX.NS,1,100.0,1446.65,1446.6
HONAUT.NS,5,20.0,408.584,1442.8
CUB.NS,8,25.0,178.76625,1441.4
MOTHERSON.NS,3,66.7,225.09,1429.2
BAJAJFINSV.NS,1,100.0,1410.03,1410.0
GODREJCP.NS,5,60.0,268.088,1355.1
NEULANDLAB.NS,2,50.0,762.6949999999999,1346.0
TRIDENT.NS,4,75.0,146.9225,1280.6
DIVISLAB.NS,7,57.1,67.62857142857142,1257.6
BBOX.NS,4,75.0,138.70250000000001,1229.8
TCS.NS,2,50.0,742.8499999999999,1194.0
ADANIPOWER.NS,2,50.0,954.39,1141.0
APLAPOLLO.NS,1,100.0,1114.13,1114.1
AEGISLOG.NS,8,37.5,120.75750000000001,1063.0
PHOENIXLTD.NS,2,100.0,318.04499999999996,1049.9
RKFORGE.NS,4,75.0,118.52999999999999,1020.3
AIAENG.NS,1,100.0,994.39,994.4
BATAINDIA.NS,3,66.7,166.36,960.1
ZYDUSLIFE.NS,7,42.9,61.667142857142856,946.7
ACE.NS,7,42.9,81.07857142857142,938.6
HINDUNILVR.NS,6,16.7,205.62833333333333,908.2
VTL.NS,3,66.7,163.04666666666665,898.9
ULTRACEMCO.NS,5,40.0,91.21400000000001,888.8
ENGINERSIN.NS,8,50.0,53.89,856.1
REDINGTON.NS,4,75.0,167.16250000000002,845.7
WHIRLPOOL.NS,4,50.0,167.73999999999998,844.0
JKTYRE.NS,4,50.0,127.35499999999999,836.3
GALLANTT.NS,4,50.0,225.165,801.1
KPIL.NS,3,100.0,141.32,797.4
HDFCBANK.NS,7,42.9,112.06142857142858,792.4
HINDPETRO.NS,9,44.4,46.736666666666665,760.8
KSB.NS,6,33.3,87.92333333333333,760.4
CIPLA.NS,9,33.3,39.33222222222222,731.6
GRAVITA.NS,2,50.0,509.49,718.3
SARDAEN.NS,3,33.3,399.60999999999996,707.0
ZENSARTECH.NS,3,66.7,170.50666666666666,701.9
ZENTEC.NS,1,100.0,685.95,686.0
CASTROLIND.NS,4,50.0,117.795,678.9
JWL.NS,3,66.7,224.80333333333337,657.6
JSWSTEEL.NS,3,66.7,150.91333333333333,648.4
PCBL.NS,6,33.3,86.38,640.0
TIMKEN.NS,10,40.0,44.849000000000004,640.0
PERSISTENT.NS,5,20.0,212.80800000000005,637.5
KOTAKBANK.NS,7,71.4,88.20857142857143,634.1
APOLLOTYRE.NS,5,60.0,63.25,630.7
HSCL.NS,3,66.7,158.85333333333332,624.7
SCHNEIDER.NS,2,50.0,383.265,622.7
NAVA.NS,6,33.3,132.13500000000002,601.3
GILLETTE.NS,4,75.0,77.5725,601.3
INFY.NS,6,66.7,56.083333333333336,594.9
OFSS.NS,3,66.7,123.67666666666666,587.3
TORNTPOWER.NS,2,50.0,339.855,542.1
ASHOKLEY.NS,7,42.9,50.94285714285714,537.1
MARUTI.NS,6,50.0,63.221666666666664,519.8
JKCEMENT.NS,1,100.0,506.52,506.5
ABB.NS,2,100.0,212.655,500.4
SHRIPISTON.NS,1,100.0,500.15,500.2
TARIL.NS,6,16.7,223.26999999999998,475.5
BLUESTARCO.NS,2,100.0,166.445,463.2
BRIGADE.NS,3,66.7,117.78666666666668,462.7
BAJAJHLDNG.NS,3,66.7,111.01333333333334,462.3
TMPV.NS,4,50.0,79.50750000000001,459.3
ASAHIINDIA.NS,5,40.0,61.426,457.0
GRASIM.NS,2,100.0,142.35500000000002,456.0
FACT.NS,6,33.3,200.93500000000003,452.9
GESHIP.NS,6,50.0,82.06166666666667,450.2
FINCABLES.NS,8,50.0,55.32375,449.6
GLENMARK.NS,4,50.0,88.29750000000001,449.0
KARURVYSYA.NS,5,40.0,82.386,428.3
ESCORTS.NS,9,11.1,234.39777777777778,425.7
CHENNPETRO.NS,5,40.0,93.33200000000001,417.3
CAPLIPOINT.NS,2,50.0,227.785,415.8
CARBORUNIV.NS,5,60.0,50.69,413.9
CHAMBLFERT.NS,4,50.0,78.14,411.5
PETRONET.NS,5,60.0,66.768,410.6
ADANIPORTS.NS,2,50.0,206.77499999999998,400.1
BIOCON.NS,4,75.0,107.365,399.5
LT.NS,7,42.9,38.58714285714286,394.2
FSL.NS,2,50.0,240.91,387.6
COROMANDEL.NS,6,16.7,123.05000000000001,381.7
TECHM.NS,3,66.7,94.30333333333333,379.7
VOLTAS.NS,6,66.7,43.16833333333333,378.2
CRISIL.NS,3,100.0,75.59,373.3
GODFRYPHLP.NS,10,30.0,42.327999999999996,367.4
ICICIBANK.NS,6,50.0,62.70333333333334,357.7
POLYMED.NS,3,66.7,114.53666666666668,349.7
CGPOWER.NS,7,14.3,153.57571428571427,346.1
MINDACORP.NS,1,100.0,340.55,340.6
RECLTD.NS,5,40.0,81.53399999999999,336.4
TECHNOE.NS,4,50.0,65.8575,331.8
CESC.NS,2,100.0,107.26,327.6
JINDALSTEL.NS,2,50.0,179.92499999999998,327.2
JSWENERGY.NS,3,33.3,149.67666666666665,320.2
TATACOMM.NS,5,60.0,54.926,318.4
CGCL.NS,1,100.0,317.96,318.0
INDHOTEL.NS,2,50.0,209.365,317.5
DRREDDY.NS,5,40.0,46.35,316.5
WOCKPHARMA.NS,4,50.0,65.84,312.8
LAURUSLABS.NS,1,100.0,302.74,302.7
OIL.NS,3,33.3,117.75333333333333,300.7
JSL.NS,3,33.3,230.84,297.3
NATIONALUM.NS,5,20.0,105.758,294.8
GMRAIRPORT.NS,1,100.0,291.16,291.2
BPCL.NS,9,44.4,32.18444444444444,290.4
OBEROIRLTY.NS,1,100.0,288.79,288.8
MPHASIS.NS,9,33.3,50.30444444444444,281.5
TRITURBINE.NS,3,33.3,105.56333333333335,278.6
EIHOTEL.NS,8,25.0,41.02375000000001,278.0
BHARTIARTL.NS,8,12.5,54.76125,270.1
ADANIENT.NS,7,14.3,157.39571428571432,260.7
POWERGRID.NS,2,50.0,130.45000000000002,251.1
SIEMENS.NS,9,33.3,47.58444444444445,249.5
SHRIRAMFIN.NS,7,42.9,47.75714285714286,243.6
PVRINOX.NS,7,42.9,54.39142857142856,243.4
TITAGARH.NS,4,50.0,85.88250000000001,243.3
INDIANB.NS,4,50.0,62.745,242.3
ITI.NS,6,50.0,33.21666666666667,239.3
KEC.NS,4,75.0,40.352500000000006,237.2
BALRAMCHIN.NS,4,50.0,94.6325,236.1
SUZLON.NS,1,100.0,233.25,233.2
BEML.NS,5,60.0,52.674,231.9
IIFL.NS,4,100.0,43.595,231.2
ZFCVINDIA.NS,3,66.7,60.326666666666675,229.2
IGL.NS,6,16.7,68.53333333333333,228.9
GMDCLTD.NS,5,20.0,72.034,228.2
HINDCOPPER.NS,1,100.0,210.95,210.9
ONGC.NS,3,66.7,52.73666666666667,209.3
THERMAX.NS,9,44.4,19.846666666666668,209.2
MRPL.NS,11,36.4,16.076363636363638,205.7
RHIM.NS,2,100.0,82.28,203.0
NLCINDIA.NS,6,33.3,45.77333333333333,202.5
GRAPHITE.NS,12,41.7,21.358333333333334,201.1
NHPC.NS,4,50.0,60.42250000000001,199.6
MARICO.NS,1,100.0,197.98,198.0
ABREL.NS,7,42.9,36.614285714285714,197.7
PFOCUS.NS,5,40.0,56.29,194.1
SJVN.NS,2,50.0,97.295,193.0
PFC.NS,5,40.0,80.36800000000001,190.2
NTPC.NS,4,50.0,55.21,188.8
BSOFT.NS,9,33.3,25.87777777777778,187.2
PRESTIGE.NS,4,25.0,99.47,186.4
EIDPARRY.NS,5,40.0,29.215999999999998,177.6
INDIACEM.NS,5,60.0,36.148,176.9
ZEEL.NS,3,33.3,60.876666666666665,173.4
HFCL.NS,5,40.0,44.256,172.9
BOSCHLTD.NS,3,33.3,62.55666666666667,159.8
ELECON.NS,7,14.3,99.63285714285715,152.9
TTML.NS,5,20.0,65.298,149.2
JMFINANCIL.NS,2,100.0,61.145,148.9
KIRLOSENG.NS,3,33.3,262.0466666666667,148.7
POONAWALLA.NS,7,57.1,24.062857142857144,147.9
BALKRISIND.NS,1,100.0,143.83,143.8
COALINDIA.NS,4,25.0,48.7075,143.6
MAHABANK.NS,6,33.3,34.51833333333334,141.8
JPPOWER.NS,1,100.0,138.27,138.3
RAMCOCEM.NS,6,50.0,33.68,136.9
HINDALCO.NS,11,18.2,28.069090909090907,136.6
JUBLFOOD.NS,4,50.0,40.747499999999995,136.0
KIRLOSBROS.NS,4,25.0,73.72,130.0
GODREJIND.NS,10,30.0,14.308999999999997,126.7
IRB.NS,1,100.0,122.84,122.8
AMBUJACEM.NS,7,28.6,17.85857142857143,122.2
ECLERX.NS,2,50.0,78.02499999999999,121.6
AXISBANK.NS,5,60.0,20.498,116.4
CEATLTD.NS,2,50.0,73.82000000000001,115.1
LTF.NS,1,100.0,112.08,112.1
FORTIS.NS,5,20.0,45.690000000000005,106.6
J&KBANK.NS,5,60.0,17.979999999999997,105.5
INOXWIND.NS,2,50.0,55.11,96.4
SCI.NS,4,25.0,45.3875,94.0
MANAPPURAM.NS,2,50.0,47.83,92.4
PRIVISCL.NS,2,50.0,50.455,92.0
YESBANK.NS,3,33.3,65.75000000000001,90.8
EXIDEIND.NS,6,33.3,17.085,90.6
LUPIN.NS,1,100.0,88.57,88.6
AUROPHARMA.NS,14,21.4,29.388571428571424,86.9
IFCI.NS,4,25.0,35.7225,84.4
JINDALSAW.NS,10,20.0,36.099000000000004,84.4
NAVINFLUOR.NS,3,33.3,29.0,77.6
NCC.NS,3,66.7,26.400000000000002,73.4
HEROMOTOCO.NS,5,20.0,20.448,72.6
GPIL.NS,2,100.0,32.089999999999996,72.6
M&MFIN.NS,4,50.0,18.165,69.3
BANKBARODA.NS,5,40.0,17.688000000000002,69.2
TATASTEEL.NS,6,16.7,32.76499999999999,67.5
SWANCORP.NS,2,50.0,37.1,67.3
LICHSGFIN.NS,6,33.3,12.828333333333333,64.3
GODREJPROP.NS,4,50.0,15.139999999999999,60.6
NBCC.NS,1,100.0,56.53,56.5
CYIENT.NS,3,33.3,23.94666666666667,53.4
ACC.NS,6,33.3,11.178333333333333,47.2
CANFINHOME.NS,3,66.7,25.95,46.5
AUBANK.NS,2,50.0,21.335,39.5
RBLBANK.NS,1,100.0,35.79,35.8
INDUSTOWER.NS,2,50.0,20.64,35.0
CIEINDIA.NS,5,40.0,13.488,34.9
IDBI.NS,11,45.5,7.693636363636363,33.6
PNBHOUSING.NS,2,50.0,15.925,27.3
NMDC.NS,7,14.3,25.789999999999996,27.3
IDFCFIRSTB.NS,2,100.0,12.76,26.2
PAGEIND.NS,3,33.3,10.389999999999999,24.1
CONCOR.NS,6,33.3,5.053333333333334,23.2
FLUOROCHEM.NS,1,100.0,22.38,22.4
GLAXO.NS,6,16.7,9.6,22.3
GAIL.NS,9,33.3,7.695555555555554,21.5
SBIN.NS,7,28.6,13.931428571428572,18.3
IOC.NS,12,16.7,7.715000000000001,15.5
DLF.NS,6,33.3,11.406666666666665,12.3
CANBK.NS,6,33.3,12.056666666666665,11.8
LALPATHLAB.NS,2,50.0,10.075,8.6
MGL.NS,3,33.3,2.3266666666666667,6.2
NESTLEIND.NS,4,25.0,74.50999999999999,5.4
UNIONBANK.NS,5,20.0,4.967999999999999,2.8
UPL.NS,13,15.4,8.853076923076921,2.7
ASTRAL.NS,1,100.0,1.99,2.0
HDFCLIFE.NS,1,100.0,1.95,2.0
UBL.NS,5,40.0,0.7900000000000005,0.4
AVANTIFEED.NS,2,50.0,1.3650000000000002,-1.6
TIINDIA.NS,1,0.0,-2.9,-2.9
COLPAL.NS,1,0.0,-3.22,-3.2
WIPRO.NS,10,40.0,3.0200000000000005,-3.4
DEEPAKNTR.NS,2,0.0,-1.85,-3.7
ICICIPRULI.NS,1,0.0,-3.87,-3.9
ZYDUSWELL.NS,2,50.0,5.424999999999997,-5.3
BLS.NS,1,0.0,-5.5,-5.5
DABUR.NS,1,0.0,-5.81,-5.8
LEMONTREE.NS,1,0.0,-6.34,-6.3
IDEA.NS,2,50.0,-3.1500000000000004,-6.5
NAUKRI.NS,4,50.0,-1.7325000000000002,-6.9
CREDITACC.NS,1,0.0,-8.27,-8.3
BANKINDIA.NS,3,33.3,-5.243333333333333,-15.7
SUNTV.NS,4,25.0,-1.6325000000000016,-16.0
IOB.NS,4,25.0,-0.7399999999999984,-16.0
UNITDSPR.NS,12,25.0,3.1583333333333328,-17.2
SOBHA.NS,6,16.7,11.491666666666667,-17.8
STLTECH.NS,10,30.0,13.583000000000002,-19.6
CROMPTON.NS,2,0.0,-11.440000000000001,-21.6
EMAMILTD.NS,3,33.3,-6.646666666666666,-22.5
LTM.NS,2,0.0,-12.785,-23.9
DMART.NS,4,0.0,-7.15,-26.0
UCOBANK.NS,5,40.0,-4.952,-29.7
NIACL.NS,2,0.0,-15.319999999999999,-30.3
MOTILALOFS.NS,7,28.6,6.971428571428571,-30.4
IEX.NS,2,0.0,-17.56,-32.2
PATANJALI.NS,5,20.0,-6.843999999999999,-40.0
PNB.NS,6,16.7,-3.9133333333333327,-46.3
ARE&M.NS,8,12.5,-7.385,-46.7
MMTC.NS,5,20.0,-10.144,-47.8
HEGAM.NS,8,12.5,8.43,-49.5
RPOWER.NS,2,0.0,-28.939999999999998,-49.9
CENTRALBK.NS,2,0.0,-28.450000000000003,-50.8
MFSL.NS,12,25.0,3.805000000000001,-69.3
