date,expiry,contract,entry_time,prev_close,entry,stoploss,exit_time,exit,reason,points,gross_pnl,net_pnl
2026-05-05,2026-05-05,NIFTY 20950 PE,09:23,0.1,0.3,0.1,09:25,0.25,EMA10,-0.05,-3.25,-63.25
2026-05-05,2026-05-05,NIFTY 20100 PE,12:16,0.05,0.1,0.05,12:18,0.05,STOPLOSS,-0.05,-3.25,-63.25
2026-05-05,2026-05-05,NIFTY 20100 PE,12:25,0.05,0.1,0.05,12:26,0.05,STOPLOSS,-0.05,-3.25,-63.25
2026-05-05,2026-05-05,NIFTY 20100 PE,12:29,0.05,0.1,0.05,12:33,0.05,STOPLOSS,-0.05,-3.25,-63.25
2026-05-05,2026-05-05,NIFTY 20100 PE,12:34,0.05,0.1,0.05,12:35,0.05,STOPLOSS,-0.05,-3.25,-63.25
2026-05-05,2026-05-05,NIFTY 20100 PE,12:36,0.05,0.1,0.05,12:37,0.05,STOPLOSS,-0.05,-3.25,-63.25
2026-05-05,2026-05-05,NIFTY 20100 PE,12:42,0.05,0.1,0.05,12:44,0.05,STOPLOSS,-0.05,-3.25,-63.25
2026-05-05,2026-05-05,NIFTY 25850 CE,12:48,0.05,0.1,0.05,12:52,0.1,EMA10,0.0,0.0,-60.0
2026-05-05,2026-05-05,NIFTY 25800 CE,12:55,0.05,0.1,0.05,12:56,0.1,EMA10,0.0,0.0,-60.0
2026-05-05,2026-05-05,NIFTY 20700 PE,12:58,0.1,0.2,0.1,13:00,0.1,STOPLOSS,-0.1,-6.5,-66.5
2026-05-05,2026-05-05,NIFTY 21050 PE,13:02,0.05,0.15,0.05,13:28,0.1,EMA10,-0.05,-3.25,-63.25
2026-05-05,2026-05-05,NIFTY 25500 CE,13:29,0.05,0.1,0.05,13:30,0.05,STOPLOSS,-0.05,-3.25,-63.25
2026-05-05,2026-05-05,NIFTY 20800 PE,13:31,0.05,0.15,0.05,13:39,0.05,STOPLOSS,-0.1,-6.5,-66.5
2026-05-05,2026-05-05,NIFTY 22400 PE,13:40,0.05,0.1,0.05,13:41,0.05,STOPLOSS,-0.05,-3.25,-63.25
2026-05-05,2026-05-05,NIFTY 25250 CE,13:42,0.05,0.1,0.05,13:43,0.05,STOPLOSS,-0.05,-3.25,-63.25
2026-05-05,2026-05-05,NIFTY 22200 PE,13:44,0.05,0.1,0.05,13:45,0.05,STOPLOSS,-0.05,-3.25,-63.25
2026-05-05,2026-05-05,NIFTY 23250 PE,13:46,0.1,0.2,0.1,13:48,0.15,EMA10,-0.05,-3.25,-63.25
2026-05-05,2026-05-05,NIFTY 25000 CE,13:49,0.05,0.1,0.05,13:50,0.05,STOPLOSS,-0.05,-3.25,-63.25
2026-05-05,2026-05-05,NIFTY 25000 CE,13:51,0.05,0.1,0.05,13:52,0.05,STOPLOSS,-0.05,-3.25,-63.25
2026-05-05,2026-05-05,NIFTY 26050 CE,13:53,0.05,0.1,0.05,13:58,0.05,STOPLOSS,-0.05,-3.25,-63.25
2026-05-05,2026-05-05,NIFTY 25400 CE,13:59,0.05,0.1,0.05,14:00,0.05,STOPLOSS,-0.05,-3.25,-63.25
2026-05-05,2026-05-05,NIFTY 25600 CE,14:01,0.05,0.1,0.05,14:02,0.05,STOPLOSS,-0.05,-3.25,-63.25
2026-05-05,2026-05-05,NIFTY 25600 CE,14:03,0.05,0.1,0.05,14:04,0.05,STOPLOSS,-0.05,-3.25,-63.25
2026-05-05,2026-05-05,NIFTY 25250 CE,14:05,0.05,0.1,0.05,14:06,0.05,STOPLOSS,-0.05,-3.25,-63.25
2026-05-05,2026-05-05,NIFTY 20100 PE,14:07,0.05,0.1,0.05,14:09,0.05,STOPLOSS,-0.05,-3.25,-63.25
2026-05-05,2026-05-05,NIFTY 21650 PE,14:10,0.05,0.1,0.05,14:22,0.05,STOPLOSS,-0.05,-3.25,-63.25
2026-05-05,2026-05-05,NIFTY 25300 CE,14:23,0.05,0.1,0.05,14:24,0.05,STOPLOSS,-0.05,-3.25,-63.25
2026-05-05,2026-05-05,NIFTY 25350 CE,14:25,0.05,0.1,0.05,14:30,0.05,STOPLOSS,-0.05,-3.25,-63.25
2026-05-05,2026-05-05,NIFTY 23100 PE,14:31,0.05,0.1,0.05,14:33,0.05,STOPLOSS,-0.05,-3.25,-63.25
2026-05-05,2026-05-05,NIFTY 25800 CE,14:34,0.05,0.1,0.05,14:35,0.05,STOPLOSS,-0.05,-3.25,-63.25
2026-05-05,2026-05-05,NIFTY 20400 PE,14:36,0.05,0.1,0.05,14:43,0.05,STOPLOSS,-0.05,-3.25,-63.25
2026-05-05,2026-05-05,NIFTY 25200 CE,14:44,0.05,0.1,0.05,14:45,0.05,STOPLOSS,-0.05,-3.25,-63.25
2026-05-05,2026-05-05,NIFTY 22750 PE,14:46,0.05,0.1,0.05,14:47,0.05,STOPLOSS,-0.05,-3.25,-63.25
2026-05-05,2026-05-05,NIFTY 22550 PE,14:48,0.05,0.1,0.05,14:52,0.05,STOPLOSS,-0.05,-3.25,-63.25
2026-05-05,2026-05-05,NIFTY 24900 CE,14:53,0.05,0.1,0.05,14:54,0.05,STOPLOSS,-0.05,-3.25,-63.25
2026-05-05,2026-05-05,NIFTY 24750 CE,14:55,0.05,0.1,0.05,14:56,0.05,STOPLOSS,-0.05,-3.25,-63.25
2026-05-05,2026-05-05,NIFTY 22850 PE,14:57,0.05,0.1,0.05,14:58,0.05,STOPLOSS,-0.05,-3.25,-63.25
2026-05-05,2026-05-05,NIFTY 21000 PE,14:59,0.05,0.1,0.05,15:00,0.05,STOPLOSS,-0.05,-3.25,-63.25
2026-05-05,2026-05-05,NIFTY 22950 PE,15:01,0.05,0.1,0.05,15:03,0.05,STOPLOSS,-0.05,-3.25,-63.25
2026-05-05,2026-05-05,NIFTY 22700 PE,15:04,0.05,0.1,0.05,15:05,0.05,STOPLOSS,-0.05,-3.25,-63.25
2026-05-05,2026-05-05,NIFTY 21250 PE,15:06,0.05,0.15,0.05,15:07,0.05,STOPLOSS,-0.1,-6.5,-66.5
2026-05-05,2026-05-05,NIFTY 21000 PE,15:08,0.05,0.1,0.05,15:10,0.05,STOPLOSS,-0.05,-3.25,-63.25
2026-05-05,2026-05-05,NIFTY 22550 PE,15:11,0.05,0.1,0.05,15:12,0.05,STOPLOSS,-0.05,-3.25,-63.25
2026-05-05,2026-05-05,NIFTY 23800 PE,15:13,0.05,0.1,0.05,15:14,0.05,STOPLOSS,-0.05,-3.25,-63.25
2026-05-05,2026-05-05,NIFTY 24000 PE,15:15,0.05,0.1,0.05,15:16,0.05,STOPLOSS,-0.05,-3.25,-63.25
2026-05-12,2026-05-12,NIFTY 23350 PE,12:30,2.3,4.65,2.25,12:41,4.15,EMA10,-0.5,-32.5,-92.5
2026-05-12,2026-05-12,NIFTY 21200 PE,13:14,0.05,0.1,0.05,13:15,0.1,EMA10,0.0,0.0,-60.0
2026-05-12,2026-05-12,NIFTY 25150 CE,13:18,0.1,0.2,0.1,13:19,0.15,EMA10,-0.05,-3.25,-63.25
2026-05-12,2026-05-12,NIFTY 21200 PE,13:21,0.05,0.1,0.05,13:22,0.05,STOPLOSS,-0.05,-3.25,-63.25
2026-05-12,2026-05-12,NIFTY 21200 PE,13:24,0.05,0.1,0.05,13:25,0.05,STOPLOSS,-0.05,-3.25,-63.25
2026-05-12,2026-05-12,NIFTY 25800 CE,13:26,0.05,0.1,0.05,13:27,0.05,STOPLOSS,-0.05,-3.25,-63.25
2026-05-12,2026-05-12,NIFTY 25500 CE,13:28,0.05,0.1,0.05,13:29,0.05,STOPLOSS,-0.05,-3.25,-63.25
2026-05-12,2026-05-12,NIFTY 25900 CE,13:31,0.05,0.1,0.05,13:34,0.05,STOPLOSS,-0.05,-3.25,-63.25
2026-05-12,2026-05-12,NIFTY 25500 CE,13:35,0.05,0.1,0.05,13:36,0.05,STOPLOSS,-0.05,-3.25,-63.25
2026-05-12,2026-05-12,NIFTY 26000 CE,13:38,0.05,0.1,0.05,13:39,0.05,STOPLOSS,-0.05,-3.25,-63.25
2026-05-12,2026-05-12,NIFTY 21200 PE,13:40,0.05,0.1,0.05,13:41,0.05,STOPLOSS,-0.05,-3.25,-63.25
2026-05-12,2026-05-12,NIFTY 26250 CE,13:42,0.05,0.1,0.05,13:43,0.1,EMA10,0.0,0.0,-60.0
2026-05-12,2026-05-12,NIFTY 21200 PE,13:44,0.05,0.1,0.05,13:45,0.05,STOPLOSS,-0.05,-3.25,-63.25
2026-05-12,2026-05-12,NIFTY 25500 CE,13:46,0.05,0.1,0.05,13:47,0.05,STOPLOSS,-0.05,-3.25,-63.25
2026-05-12,2026-05-12,NIFTY 26400 CE,13:48,0.05,0.1,0.05,13:49,0.1,EMA10,0.0,0.0,-60.0
2026-05-12,2026-05-12,NIFTY 25500 CE,13:50,0.05,0.1,0.05,13:51,0.05,STOPLOSS,-0.05,-3.25,-63.25
2026-05-12,2026-05-12,NIFTY 25500 CE,13:52,0.05,0.1,0.05,13:53,0.05,STOPLOSS,-0.05,-3.25,-63.25
2026-05-12,2026-05-12,NIFTY 26250 CE,13:54,0.05,0.1,0.05,13:59,0.05,STOPLOSS,-0.05,-3.25,-63.25
2026-05-12,2026-05-12,NIFTY 21200 PE,14:00,0.05,0.1,0.05,14:01,0.05,STOPLOSS,-0.05,-3.25,-63.25
2026-05-12,2026-05-12,NIFTY 21200 PE,14:02,0.05,0.1,0.05,14:03,0.05,STOPLOSS,-0.05,-3.25,-63.25
2026-05-12,2026-05-12,NIFTY 21550 PE,14:05,0.1,0.2,0.1,14:27,0.2,EMA10,0.0,0.0,-60.0
2026-05-12,2026-05-12,NIFTY 21250 PE,14:28,0.05,0.1,0.05,14:29,0.05,STOPLOSS,-0.05,-3.25,-63.25
2026-05-12,2026-05-12,NIFTY 21250 PE,14:30,0.05,0.1,0.05,14:31,0.05,STOPLOSS,-0.05,-3.25,-63.25
2026-05-12,2026-05-12,NIFTY 26400 CE,14:32,0.1,0.2,0.1,14:39,0.1,STOPLOSS,-0.1,-6.5,-66.5
2026-05-12,2026-05-12,NIFTY 25250 CE,14:42,0.05,0.1,0.05,14:44,0.05,STOPLOSS,-0.05,-3.25,-63.25
2026-05-12,2026-05-12,NIFTY 25350 CE,14:45,0.05,0.1,0.05,14:46,0.05,STOPLOSS,-0.05,-3.25,-63.25
2026-05-12,2026-05-12,NIFTY 25350 CE,14:47,0.05,0.1,0.05,14:48,0.05,STOPLOSS,-0.05,-3.25,-63.25
2026-05-12,2026-05-12,NIFTY 26550 CE,14:50,0.05,0.1,0.05,14:52,0.05,STOPLOSS,-0.05,-3.25,-63.25
2026-05-12,2026-05-12,NIFTY 26100 CE,14:53,0.05,0.1,0.05,14:57,0.05,STOPLOSS,-0.05,-3.25,-63.25
2026-05-12,2026-05-12,NIFTY 25400 CE,14:58,0.05,0.1,0.05,14:59,0.05,STOPLOSS,-0.05,-3.25,-63.25
2026-05-12,2026-05-12,NIFTY 25100 CE,15:00,0.1,0.3,0.1,15:02,0.15,EMA10,-0.15,-9.75,-69.75
2026-05-12,2026-05-12,NIFTY 22450 PE,15:03,0.05,0.1,0.05,15:05,0.05,STOPLOSS,-0.05,-3.25,-63.25
2026-05-12,2026-05-12,NIFTY 22000 PE,15:06,0.05,0.1,0.05,15:07,0.05,STOPLOSS,-0.05,-3.25,-63.25
2026-05-12,2026-05-12,NIFTY 26500 CE,15:08,0.05,0.1,0.05,15:09,0.05,STOPLOSS,-0.05,-3.25,-63.25
2026-05-12,2026-05-12,NIFTY 25800 CE,15:10,0.05,0.1,0.05,15:11,0.05,STOPLOSS,-0.05,-3.25,-63.25
2026-05-12,2026-05-12,NIFTY 22150 PE,15:12,0.05,0.1,0.05,15:14,0.05,STOPLOSS,-0.05,-3.25,-63.25
2026-05-12,2026-05-12,NIFTY 21900 PE,15:15,0.05,0.2,0.05,15:16,0.05,STOPLOSS,-0.15,-9.75,-69.75
2026-05-19,2026-05-19,NIFTY 21250 PE,12:56,0.1,0.2,0.1,12:57,0.15,EMA10,-0.05,-3.25,-63.25
2026-05-19,2026-05-19,NIFTY 26500 CE,13:11,0.05,0.1,0.05,13:12,0.1,EMA10,0.0,0.0,-60.0
2026-05-19,2026-05-19,NIFTY 21400 PE,13:14,0.05,0.1,0.05,13:16,0.05,STOPLOSS,-0.05,-3.25,-63.25
2026-05-19,2026-05-19,NIFTY 26000 CE,13:17,0.05,0.1,0.05,13:18,0.05,STOPLOSS,-0.05,-3.25,-63.25
2026-05-19,2026-05-19,NIFTY 26500 CE,13:19,0.05,0.1,0.05,13:21,0.05,STOPLOSS,-0.05,-3.25,-63.25
2026-05-19,2026-05-19,NIFTY 25700 CE,13:26,0.05,0.1,0.05,13:32,0.1,EMA10,0.0,0.0,-60.0
2026-05-19,2026-05-19,NIFTY 21150 PE,13:33,0.05,0.1,0.05,13:38,0.05,STOPLOSS,-0.05,-3.25,-63.25
2026-05-19,2026-05-19,NIFTY 26500 CE,13:39,0.05,0.1,0.05,13:40,0.05,STOPLOSS,-0.05,-3.25,-63.25
2026-05-19,2026-05-19,NIFTY 22100 PE,13:41,0.05,0.1,0.05,13:42,0.05,STOPLOSS,-0.05,-3.25,-63.25
2026-05-19,2026-05-19,NIFTY 21650 PE,13:43,0.05,0.1,0.05,13:49,0.05,STOPLOSS,-0.05,-3.25,-63.25
2026-05-19,2026-05-19,NIFTY 26450 CE,13:50,0.1,0.2,0.1,13:52,0.1,STOPLOSS,-0.1,-6.5,-66.5
2026-05-19,2026-05-19,NIFTY 22000 PE,13:53,0.05,0.1,0.05,13:54,0.05,STOPLOSS,-0.05,-3.25,-63.25
2026-05-19,2026-05-19,NIFTY 25000 CE,13:55,0.05,0.1,0.05,13:56,0.05,STOPLOSS,-0.05,-3.25,-63.25
2026-05-19,2026-05-19,NIFTY 21850 PE,13:57,0.05,0.1,0.05,14:04,0.05,STOPLOSS,-0.05,-3.25,-63.25
2026-05-19,2026-05-19,NIFTY 21650 PE,14:05,0.05,0.1,0.05,14:06,0.05,STOPLOSS,-0.05,-3.25,-63.25
2026-05-19,2026-05-19,NIFTY 25200 CE,14:07,0.05,0.1,0.05,14:08,0.1,EMA10,0.0,0.0,-60.0
2026-05-19,2026-05-19,NIFTY 25000 CE,14:09,0.05,0.1,0.05,14:10,0.05,STOPLOSS,-0.05,-3.25,-63.25
2026-05-19,2026-05-19,NIFTY 21350 PE,14:11,0.05,0.1,0.05,14:14,0.05,STOPLOSS,-0.05,-3.25,-63.25
2026-05-19,2026-05-19,NIFTY 22450 PE,14:15,0.05,0.1,0.05,14:20,0.05,STOPLOSS,-0.05,-3.25,-63.25
2026-05-19,2026-05-19,NIFTY 26500 CE,14:21,0.05,0.1,0.05,14:23,0.05,STOPLOSS,-0.05,-3.25,-63.25
2026-05-19,2026-05-19,NIFTY 25000 CE,14:24,0.05,0.1,0.05,14:25,0.05,STOPLOSS,-0.05,-3.25,-63.25
2026-05-19,2026-05-19,NIFTY 22350 PE,14:26,0.05,0.1,0.05,14:27,0.05,STOPLOSS,-0.05,-3.25,-63.25
2026-05-19,2026-05-19,NIFTY 25000 CE,14:28,0.05,0.1,0.05,14:29,0.05,STOPLOSS,-0.05,-3.25,-63.25
2026-05-19,2026-05-19,NIFTY 21150 PE,14:30,0.05,0.1,0.05,14:34,0.05,STOPLOSS,-0.05,-3.25,-63.25
2026-05-19,2026-05-19,NIFTY 25600 CE,14:35,0.05,0.15,0.05,14:37,0.1,EMA10,-0.05,-3.25,-63.25
2026-05-19,2026-05-19,NIFTY 26550 CE,14:38,0.05,0.1,0.05,14:40,0.05,STOPLOSS,-0.05,-3.25,-63.25
2026-05-19,2026-05-19,NIFTY 25400 CE,14:41,0.05,0.1,0.05,14:42,0.05,STOPLOSS,-0.05,-3.25,-63.25
2026-05-19,2026-05-19,NIFTY 25300 CE,14:43,0.05,0.1,0.05,14:46,0.05,STOPLOSS,-0.05,-3.25,-63.25
2026-05-19,2026-05-19,NIFTY 22450 PE,14:47,0.05,0.1,0.05,14:49,0.05,STOPLOSS,-0.05,-3.25,-63.25
2026-05-19,2026-05-19,NIFTY 25600 CE,14:50,0.05,0.1,0.05,14:51,0.05,STOPLOSS,-0.05,-3.25,-63.25
2026-05-19,2026-05-19,NIFTY 25600 CE,14:52,0.05,0.15,0.05,14:53,0.05,STOPLOSS,-0.1,-6.5,-66.5
2026-05-19,2026-05-19,NIFTY 26150 CE,14:54,0.05,0.1,0.05,14:58,0.05,STOPLOSS,-0.05,-3.25,-63.25
2026-05-19,2026-05-19,NIFTY 22850 PE,14:59,0.05,0.1,0.05,15:00,0.05,STOPLOSS,-0.05,-3.25,-63.25
2026-05-19,2026-05-19,NIFTY 25600 CE,15:01,0.05,0.1,0.05,15:06,0.05,STOPLOSS,-0.05,-3.25,-63.25
2026-05-19,2026-05-19,NIFTY 26350 CE,15:07,0.05,0.1,0.05,15:08,0.05,STOPLOSS,-0.05,-3.25,-63.25
2026-05-19,2026-05-19,NIFTY 25350 CE,15:09,0.05,0.1,0.05,15:10,0.05,STOPLOSS,-0.05,-3.25,-63.25
2026-05-19,2026-05-19,NIFTY 22600 PE,15:11,0.05,0.1,0.05,15:12,0.05,STOPLOSS,-0.05,-3.25,-63.25
2026-05-19,2026-05-19,NIFTY 22150 PE,15:13,0.05,0.1,0.05,15:15,0.05,STOPLOSS,-0.05,-3.25,-63.25
2026-05-21,2026-05-26,NIFTY 26950 CE,12:56,1.05,2.55,1.05,12:57,0.9,STOPLOSS,-1.65,-107.25,-167.25
2026-05-21,2026-05-26,NIFTY 26950 CE,13:51,0.7,2.35,0.65,13:53,0.65,STOPLOSS,-1.7,-110.5,-170.5
2026-05-21,2026-05-26,NIFTY 20950 PE,15:09,1.1,2.45,1.1,15:11,1.1,STOPLOSS,-1.35,-87.75,-147.75
2026-05-21,2026-05-26,NIFTY 26250 CE,15:15,0.65,1.95,0.65,15:16,0.65,STOPLOSS,-1.3,-84.5,-144.5
2026-05-26,2026-05-26,NIFTY 20850 PE,09:19,0.4,0.9,0.4,09:20,0.25,STOPLOSS,-0.65,-42.25,-102.25
2026-05-26,2026-05-26,NIFTY 21350 PE,09:29,0.1,0.35,0.1,09:38,0.25,EMA10,-0.1,-6.5,-66.5
2026-05-26,2026-05-26,NIFTY 26250 CE,09:40,0.15,0.3,0.15,09:41,0.25,EMA10,-0.05,-3.25,-63.25
2026-05-26,2026-05-26,NIFTY 20400 PE,09:42,0.15,0.3,0.15,09:46,0.25,EMA10,-0.05,-3.25,-63.25
2026-05-26,2026-05-26,NIFTY 20350 PE,09:55,0.15,0.3,0.15,09:56,0.25,EMA10,-0.05,-3.25,-63.25
2026-05-26,2026-05-26,NIFTY 21350 PE,12:07,0.15,0.3,0.15,12:19,0.2,EMA10,-0.1,-6.5,-66.5
2026-05-26,2026-05-26,NIFTY 26650 CE,12:52,0.15,0.4,0.15,12:59,0.2,EMA10,-0.2,-13.0,-73.0
2026-05-26,2026-05-26,NIFTY 21350 PE,13:04,0.2,0.4,0.2,13:28,0.1,STOPLOSS,-0.3,-19.5,-79.5
2026-05-26,2026-05-26,NIFTY 20100 PE,13:30,0.05,0.1,0.05,13:31,0.05,STOPLOSS,-0.05,-3.25,-63.25
2026-05-26,2026-05-26,NIFTY 20450 PE,13:32,0.05,0.1,0.05,13:34,0.1,EMA10,0.0,0.0,-60.0
2026-05-26,2026-05-26,NIFTY 21500 PE,13:35,0.05,0.1,0.05,13:39,0.05,STOPLOSS,-0.05,-3.25,-63.25
2026-05-26,2026-05-26,NIFTY 20100 PE,13:40,0.05,0.1,0.05,13:41,0.05,STOPLOSS,-0.05,-3.25,-63.25
2026-05-26,2026-05-26,NIFTY 20100 PE,13:42,0.05,0.1,0.05,13:43,0.05,STOPLOSS,-0.05,-3.25,-63.25
2026-05-26,2026-05-26,NIFTY 21500 PE,13:46,0.05,0.1,0.05,13:47,0.05,STOPLOSS,-0.05,-3.25,-63.25
2026-05-26,2026-05-26,NIFTY 20100 PE,13:50,0.05,0.1,0.05,13:51,0.05,STOPLOSS,-0.05,-3.25,-63.25
2026-05-26,2026-05-26,NIFTY 20650 PE,13:52,0.1,0.35,0.1,13:56,0.1,STOPLOSS,-0.25,-16.25,-76.25
2026-05-26,2026-05-26,NIFTY 21400 PE,13:57,0.05,0.1,0.05,14:06,0.05,STOPLOSS,-0.05,-3.25,-63.25
2026-05-26,2026-05-26,NIFTY 21250 PE,14:07,0.05,0.1,0.05,14:15,0.05,STOPLOSS,-0.05,-3.25,-63.25
2026-05-26,2026-05-26,NIFTY 20250 PE,14:16,0.05,0.1,0.05,14:17,0.1,EMA10,0.0,0.0,-60.0
2026-05-26,2026-05-26,NIFTY 20500 PE,14:18,0.05,0.1,0.05,14:19,0.05,STOPLOSS,-0.05,-3.25,-63.25
2026-05-26,2026-05-26,NIFTY 21900 PE,14:20,0.05,0.1,0.05,14:22,0.05,STOPLOSS,-0.05,-3.25,-63.25
2026-05-26,2026-05-26,NIFTY 20550 PE,14:23,0.1,0.2,0.05,14:25,0.05,STOPLOSS,-0.15,-9.75,-69.75
2026-05-26,2026-05-26,NIFTY 20600 PE,14:26,0.05,0.1,0.05,14:29,0.05,STOPLOSS,-0.05,-3.25,-63.25
2026-05-26,2026-05-26,NIFTY 21500 PE,14:30,0.05,0.1,0.05,14:32,0.05,STOPLOSS,-0.05,-3.25,-63.25
2026-05-26,2026-05-26,NIFTY 20700 PE,14:33,0.05,0.1,0.05,14:34,0.05,STOPLOSS,-0.05,-3.25,-63.25
2026-05-26,2026-05-26,NIFTY 21800 PE,14:35,0.05,0.1,0.05,14:37,0.05,STOPLOSS,-0.05,-3.25,-63.25
2026-05-26,2026-05-26,NIFTY 20500 PE,14:38,0.05,0.1,0.05,14:39,0.05,STOPLOSS,-0.05,-3.25,-63.25
2026-05-26,2026-05-26,NIFTY 22600 PE,14:40,0.05,0.1,0.05,14:41,0.05,STOPLOSS,-0.05,-3.25,-63.25
2026-05-26,2026-05-26,NIFTY 22800 PE,14:42,0.05,0.1,0.05,14:43,0.05,STOPLOSS,-0.05,-3.25,-63.25
2026-05-26,2026-05-26,NIFTY 22550 PE,14:44,0.05,0.1,0.05,14:47,0.05,STOPLOSS,-0.05,-3.25,-63.25
2026-05-26,2026-05-26,NIFTY 20900 PE,14:48,0.1,0.3,0.1,14:53,0.1,STOPLOSS,-0.2,-13.0,-73.0
2026-05-26,2026-05-26,NIFTY 25250 CE,14:54,0.05,0.1,0.05,14:55,0.05,STOPLOSS,-0.05,-3.25,-63.25
2026-05-26,2026-05-26,NIFTY 21850 PE,14:56,0.05,0.1,0.05,14:57,0.05,STOPLOSS,-0.05,-3.25,-63.25
2026-05-26,2026-05-26,NIFTY 26900 CE,14:58,0.05,0.2,0.05,15:04,0.15,EMA10,-0.05,-3.25,-63.25
2026-05-26,2026-05-26,NIFTY 23500 PE,15:05,0.05,0.1,0.05,15:06,0.05,STOPLOSS,-0.05,-3.25,-63.25
2026-05-26,2026-05-26,NIFTY 25450 CE,15:07,0.05,0.1,0.05,15:11,0.05,STOPLOSS,-0.05,-3.25,-63.25
2026-05-26,2026-05-26,NIFTY 23250 PE,15:12,0.05,0.1,0.05,15:13,0.05,STOPLOSS,-0.05,-3.25,-63.25
2026-05-26,2026-05-26,NIFTY 25700 CE,15:14,0.05,0.1,0.05,15:15,0.05,STOPLOSS,-0.05,-3.25,-63.25
