expiry,contract,entry_time,prev_close,entry,stoploss,exit_time,exit,reason,points,gross_pnl,net_pnl
2025-08-07,NIFTY 24550 CE,15:05,19.5,42.15,17.8,15:29,46.1,EOD,3.95,296.25,236.25
2025-09-02,NIFTY 24600 PE,13:55,13.95,31.75,8.65,14:10,38.6,EMA10,6.85,513.75,453.75
2025-09-16,NIFTY 25200 CE,15:00,10.4,20.8,9.25,15:20,35.6,EMA10,14.8,1110.0,1050.0
2025-09-30,NIFTY 24650 PE,14:47,14.75,32.0,13.7,14:53,25.1,EMA10,-6.9,-517.5,-577.5
2025-10-28,NIFTY 25850 CE,15:00,16.25,48.3,15.1,15:28,86.15,EMA10,37.85,2838.75,2778.75
2026-01-13,NIFTY 25650 CE,14:31,9.7,24.1,5.8,14:58,54.6,EMA10,30.5,1982.5,1922.5
2026-01-13,NIFTY 25750 PE,15:04,14.85,29.7,8.15,15:06,19.75,EMA10,-9.95,-646.75,-706.75
2026-01-27,NIFTY 25150 CE,15:06,7.65,22.45,2.8,15:09,7.25,EMA10,-15.2,-988.0,-1048.0
2026-02-03,NIFTY 25700 PE,14:32,7.4,27.75,6.0,14:34,11.45,EMA10,-16.3,-1059.5,-1119.5
2026-03-02,NIFTY 24700 CE,14:03,10.0,29.4,9.2,14:15,70.8,EMA10,41.4,2691.0,2631.0
2026-03-02,NIFTY 24900 CE,14:47,14.2,39.6,12.9,14:49,19.0,EMA10,-20.6,-1339.0,-1399.0
2026-03-10,NIFTY 24250 CE,14:48,14.4,29.4,14.0,14:51,26.7,EMA10,-2.7,-175.5,-235.5
2026-03-10,NIFTY 24250 PE,15:00,10.0,23.25,9.0,15:03,11.55,EMA10,-11.7,-760.5,-820.5
2026-03-24,NIFTY 22950 CE,12:22,12.3,28.3,10.85,12:28,38.0,EMA10,9.7,630.5,570.5
2026-03-24,NIFTY 22850 PE,14:21,11.1,23.25,8.45,14:25,11.0,EMA10,-12.25,-796.25,-856.25
2026-03-24,NIFTY 22900 PE,15:00,15.15,32.6,10.45,15:01,16.6,EMA10,-16.0,-1040.0,-1100.0
2026-04-13,NIFTY 23850 PE,15:00,5.55,20.35,3.15,15:02,3.65,EMA10,-16.7,-1085.5,-1145.5
