symbol,entry_date,entry_price,exit_date,exit_price,return_pct,months_held,open
RELIANCE.NS,2002-10-01,14.52,2003-04-01,15.64,7.77,6,False
HINDPETRO.NS,2002-11-01,11.91,2006-06-01,19.69,65.37,43,False
TATAPOWER.NS,2002-12-01,7.17,2011-11-01,79.24,1005.16,107,False
IPCALAB.NS,2003-01-01,7.43,2003-04-01,6.67,-10.28,3,False
SUNPHARMA.NS,2003-01-01,11.6,2017-01-01,580.84,4906.47,168,False
TATACHEM.NS,2003-01-01,6.04,2008-07-01,54.32,799.02,66,False
BHARATFORG.NS,2003-02-01,19.28,2007-10-01,120.08,522.87,56,False
FEDERALBNK.NS,2003-02-01,1.71,2009-03-01,9.55,456.99,73,False
IPCALAB.NS,2003-05-01,7.27,2008-11-01,38.02,422.8,66,False
DEEPAKFERT.NS,2003-06-01,10.82,2008-10-01,45.61,321.64,64,False
IDBI.NS,2003-06-01,22.64,2008-07-01,49.4,118.24,61,False
MRPL.NS,2003-06-01,14.39,2006-07-01,26.8,86.2,37,False
NATCOPHARM.NS,2003-06-01,6.64,2007-09-01,19.06,187.04,51,False
RELIANCE.NS,2003-06-01,17.5,2010-05-01,209.11,1094.95,83,False
SAIL.NS,2003-07-01,10.62,2010-12-01,128.56,1110.98,89,False
TATAINVEST.NS,2003-07-01,4.03,2006-07-01,20.26,403.14,36,False
HINDALCO.NS,2003-08-01,55.78,2008-08-01,111.14,99.25,60,False
VEDL.NS,2003-08-01,1.12,2012-01-01,49.29,4300.55,101,False
BHEL.NS,2003-09-01,18.23,2011-10-01,179.97,887.31,97,False
CIPLA.NS,2003-09-01,69.78,2003-10-01,69.1,-0.97,1,False
ITC.NS,2003-09-01,9.5,2019-09-01,174.15,1733.75,192,False
TMPV.NS,2003-09-01,43.83,2008-06-01,99.96,128.05,57,False
CIPLA.NS,2003-11-01,87.39,2006-08-01,206.15,135.89,33,False
EIHOTEL.NS,2003-11-01,23.01,2004-08-01,22.05,-4.15,9,False
TITAN.NS,2003-11-01,5.24,2004-06-01,3.97,-24.31,7,False
AUROPHARMA.NS,2004-01-01,37.24,2004-02-01,33.76,-9.36,1,False
TATACONSUM.NS,2004-01-01,24.21,2004-04-01,23.37,-3.47,3,False
M&M.NS,2004-02-01,37.88,2008-11-01,77.82,105.45,57,False
IOC.NS,2004-04-01,15.33,2004-06-01,10.36,-32.41,2,False
TATACONSUM.NS,2004-05-01,26.86,2004-06-01,23.64,-11.98,1,False
ABREL.NS,2004-07-01,90.58,2008-10-01,290.54,220.75,51,False
TATACONSUM.NS,2004-07-01,25.54,2008-10-01,52.85,106.95,51,False
TITAN.NS,2004-07-01,4.66,2026-09-01,4587.0,98245.67,266,True
ENGINERSIN.NS,2004-09-01,11.57,2008-06-01,29.76,157.18,45,False
EIHOTEL.NS,2004-10-01,24.38,2010-03-01,93.82,284.81,65,False
INFY.NS,2004-11-01,74.6,2008-04-01,116.2,55.76,41,False
BRITANNIA.NS,2004-12-01,55.06,2008-11-01,91.49,66.16,47,False
IOC.NS,2005-01-01,16.81,2005-04-01,13.96,-16.99,3,False
INDIACEM.NS,2005-02-01,51.72,2008-07-01,117.22,126.64,41,False
MFSL.NS,2005-04-01,94.09,2005-05-01,19.22,-79.57,1,False
IOC.NS,2005-06-01,15.06,2005-07-01,13.79,-8.42,1,False
HDFCBANK.NS,2005-07-01,25.97,2006-07-01,33.93,30.64,12,False
MFSL.NS,2005-08-01,100.68,2008-11-01,90.61,-10.0,39,False
IOC.NS,2005-10-01,15.09,2007-09-01,13.9,-7.84,23,False
TATASTEEL.NS,2005-10-01,20.71,2005-11-01,16.89,-18.44,1,False
HINDUNILVR.NS,2006-01-01,130.14,2006-02-01,126.68,-2.66,1,False
AUROPHARMA.NS,2006-02-01,47.47,2008-02-01,26.73,-43.69,24,False
DRREDDY.NS,2006-03-01,119.91,2007-10-01,105.41,-12.1,19,False
HINDUNILVR.NS,2006-03-01,158.51,2024-04-01,2159.99,1262.66,217,False
TATASTEEL.NS,2006-05-01,31.84,2006-06-01,26.61,-16.42,1,False
WIPRO.NS,2006-05-01,46.85,2006-06-01,39.83,-14.97,1,False
BPCL.NS,2006-09-01,13.43,2007-03-01,11.39,-15.19,6,False
CIPLA.NS,2006-10-01,229.3,2006-12-01,222.88,-2.8,2,False
ESCORTS.NS,2006-10-01,108.93,2008-02-01,73.28,-32.72,16,False
HDFCBANK.NS,2006-10-01,39.25,2007-09-01,52.03,32.55,11,False
MRPL.NS,2006-10-01,32.3,2006-11-01,31.12,-3.64,1,False
MRPL.NS,2007-01-01,30.93,2007-03-01,28.24,-8.7,2,False
ZYDUSLIFE.NS,2007-04-01,33.1,2007-09-01,32.14,-2.92,5,False
MRPL.NS,2007-05-01,30.71,2007-07-01,30.59,-0.37,2,False
NLCINDIA.NS,2007-05-01,29.6,2008-11-01,27.42,-7.38,18,False
TTML.NS,2007-05-01,24.4,2008-07-01,20.35,-16.61,14,False
BPCL.NS,2007-06-01,13.09,2007-07-01,12.34,-5.8,1,False
MRPL.NS,2007-08-01,33.2,2008-11-01,30.22,-8.99,15,False
HDFCBANK.NS,2007-10-01,61.5,2008-07-01,43.59,-29.12,9,False
NATCOPHARM.NS,2007-10-01,19.82,2008-03-01,18.67,-5.83,5,False
BHARATFORG.NS,2007-11-01,160.32,2007-12-01,135.02,-15.78,1,False
STLTECH.NS,2007-11-01,54.67,2008-10-01,20.57,-62.37,11,False
ZYDUSLIFE.NS,2008-01-01,32.97,2008-02-01,25.46,-22.78,1,False
ESCORTS.NS,2008-03-01,89.12,2008-04-01,75.53,-15.24,1,False
ESCORTS.NS,2008-05-01,89.07,2008-07-01,61.43,-31.03,2,False
GODFRYPHLP.NS,2008-05-01,71.95,2008-11-01,55.38,-23.03,6,False
INFY.NS,2008-05-01,143.01,2008-07-01,142.26,-0.52,2,False
TATACHEM.NS,2008-08-01,59.48,2008-10-01,43.23,-27.33,2,False
IDBI.NS,2008-09-01,63.56,2008-11-01,46.91,-26.21,2,False
TTML.NS,2008-09-01,22.71,2008-10-01,18.57,-18.22,1,False
BRITANNIA.NS,2009-02-01,111.14,2009-03-01,102.95,-7.37,1,False
NLCINDIA.NS,2009-02-01,38.68,2010-04-01,73.07,88.92,14,False
TTML.NS,2009-03-01,19.93,2009-04-01,19.33,-2.97,1,False
BRITANNIA.NS,2009-04-01,108.02,2026-09-01,4830.0,4371.26,209,True
GESHIP.NS,2009-04-01,112.49,2010-01-01,164.52,46.25,9,False
GODREJCP.NS,2009-04-01,38.0,2020-03-01,545.25,1334.77,131,False
LT.NS,2009-04-01,238.26,2012-01-01,359.94,51.07,33,False
NAVA.NS,2009-04-01,24.77,2011-09-01,31.19,25.89,29,False
ONGC.NS,2009-04-01,61.13,2013-09-01,91.63,49.89,53,False
SUNDARMFIN.NS,2009-04-01,51.55,2020-04-01,1139.02,2109.66,132,False
CASTROLIND.NS,2009-05-01,22.28,2009-06-01,21.93,-1.54,1,False
CUB.NS,2009-05-01,6.14,2020-04-01,92.52,1405.91,131,False
CUMMINSIND.NS,2009-05-01,101.82,2013-09-01,316.75,211.08,52,False
ENGINERSIN.NS,2009-05-01,30.28,2012-06-01,71.18,135.07,37,False
FEDERALBNK.NS,2009-05-01,14.96,2013-09-01,22.79,52.39,52,False
LINDEINDIA.NS,2009-05-01,132.76,2013-05-01,235.77,77.6,48,False
MPHASIS.NS,2009-05-01,139.56,2011-11-01,214.97,54.04,30,False
MRPL.NS,2009-05-01,38.57,2010-02-01,62.23,61.32,9,False
PNB.NS,2009-05-01,71.77,2012-08-01,121.28,68.99,39,False
SUPREMEIND.NS,2009-05-01,24.1,2020-04-01,820.38,3303.88,131,False
USHAMART.NS,2009-05-01,31.34,2010-02-01,74.36,137.23,9,False
WELCORP.NS,2009-05-01,78.87,2010-03-01,193.41,145.23,10,False
AARTIIND.NS,2009-06-01,8.25,2023-04-01,513.37,6120.01,166,False
AJANTPHARM.NS,2009-06-01,6.8,2018-06-01,580.42,8439.2,108,False
APOLLOHOSP.NS,2009-06-01,242.26,2017-09-01,1066.76,340.34,99,False
APOLLOTYRE.NS,2009-06-01,26.25,2013-07-01,48.15,83.44,49,False
CHENNPETRO.NS,2009-06-01,124.83,2009-07-01,114.78,-8.05,1,False
CONCOR.NS,2009-06-01,163.93,2011-09-01,166.49,1.56,27,False
DEEPAKFERT.NS,2009-06-01,60.22,2010-02-01,68.06,13.01,8,False
EIDPARRY.NS,2009-06-01,107.37,2013-02-01,160.03,49.05,44,False
FACT.NS,2009-06-01,43.95,2011-10-01,33.64,-23.47,28,False
GILLETTE.NS,2009-06-01,667.65,2009-07-01,640.31,-4.1,1,False
GLENMARK.NS,2009-06-01,213.56,2009-07-01,204.11,-4.42,1,False
GODREJIND.NS,2009-06-01,137.73,2010-02-01,139.33,1.16,8,False
GRAPHITE.NS,2009-06-01,28.37,2009-07-01,29.0,2.2,1,False
HINDZINC.NS,2009-06-01,19.9,2013-07-01,36.94,85.63,49,False
ICICIBANK.NS,2009-06-01,114.05,2010-01-01,132.28,15.99,7,False
IDBI.NS,2009-06-01,71.97,2010-04-01,90.88,26.28,10,False
INDUSINDBK.NS,2009-06-01,65.75,2020-02-01,1205.13,1732.85,128,False
IOB.NS,2009-06-01,77.91,2009-07-01,73.12,-6.16,1,False
IPCALAB.NS,2009-06-01,51.65,2016-04-01,281.9,445.81,82,False
J&KBANK.NS,2009-06-01,40.02,2009-07-01,39.11,-2.26,1,False
KEC.NS,2009-06-01,69.81,2010-03-01,96.4,38.09,9,False
KOTAKBANK.NS,2009-06-01,33.97,2010-03-01,36.7,8.01,9,False
M&M.NS,2009-06-01,138.03,2019-08-01,513.27,271.86,122,False
MFSL.NS,2009-06-01,176.65,2009-11-01,165.66,-6.22,5,False
NATIONALUM.NS,2009-06-01,41.49,2010-12-01,41.12,-0.89,18,False
PIDILITIND.NS,2009-06-01,27.57,2026-09-01,1465.1,5213.96,207,True
SCI.NS,2009-06-01,113.37,2011-02-01,101.99,-10.04,20,False
SHREECEM.NS,2009-06-01,956.94,2022-07-01,18730.44,1857.33,157,False
SIEMENS.NS,2009-06-01,239.86,2009-07-01,226.43,-5.6,1,False
THERMAX.NS,2009-06-01,324.07,2011-10-01,398.98,23.11,28,False
TIMKEN.NS,2009-06-01,83.35,2009-07-01,71.46,-14.26,1,False
TTML.NS,2009-06-01,28.71,2009-12-01,22.2,-22.65,6,False
UNITDSPR.NS,2009-06-01,163.45,2009-10-01,175.37,7.29,4,False
UPL.NS,2009-06-01,88.63,2009-12-01,83.41,-5.89,6,False
VOLTAS.NS,2009-06-01,90.04,2011-09-01,103.41,14.85,27,False
BALRAMCHIN.NS,2009-07-01,86.3,2010-04-01,75.96,-11.98,9,False
BEML.NS,2009-07-01,377.67,2009-10-01,379.06,0.37,3,False
CASTROLIND.NS,2009-07-01,25.3,2017-08-01,130.59,416.23,97,False
CIPLA.NS,2009-07-01,225.63,2017-06-01,483.87,114.46,95,False
NESTLEIND.NS,2009-07-01,433.38,2010-02-01,106.89,-75.33,7,False
OLECTRA.NS,2009-07-01,19.16,2009-08-01,18.98,-0.99,1,False
STLTECH.NS,2009-07-01,29.77,2011-09-01,34.76,16.76,26,False
ACC.NS,2009-08-01,685.15,2009-11-01,587.41,-14.27,3,False
AMBUJACEM.NS,2009-08-01,84.3,2009-09-01,76.94,-8.72,1,False
ASHOKLEY.NS,2009-08-01,6.55,2012-09-01,8.38,27.97,37,False
AUROPHARMA.NS,2009-08-01,54.72,2012-01-01,39.47,-27.86,29,False
BAJAJ-AUTO.NS,2009-08-01,403.45,2020-04-01,1724.69,327.48,128,False
BERGEPAINT.NS,2009-08-01,10.59,2023-04-01,470.5,4341.11,164,False
GILLETTE.NS,2009-08-01,724.77,2014-05-01,1592.92,119.78,57,False
GLENMARK.NS,2009-08-01,236.9,2009-12-01,224.03,-5.44,4,False
GODFRYPHLP.NS,2009-08-01,97.47,2014-01-01,145.14,48.91,53,False
GRAPHITE.NS,2009-08-01,31.21,2013-08-01,44.26,41.82,48,False
HONAUT.NS,2009-08-01,1620.4,2023-05-01,35252.92,2075.57,165,False
INFY.NS,2009-08-01,171.05,2013-01-01,204.1,19.33,41,False
JINDALSAW.NS,2009-08-01,38.49,2011-09-01,47.04,22.22,25,False
MRF.NS,2009-08-01,4286.72,2010-03-01,5473.39,27.68,7,False
PATANJALI.NS,2009-08-01,1904.91,2010-02-01,2710.91,42.31,6,False
TATACHEM.NS,2009-08-01,53.8,2013-08-01,72.22,34.25,48,False
TATACONSUM.NS,2009-08-01,68.66,2015-07-01,117.54,71.2,71,False
TCS.NS,2009-08-01,181.25,2025-08-01,2909.13,1505.08,192,False
ZYDUSLIFE.NS,2009-08-01,50.63,2013-09-01,119.54,136.09,49,False
ELGIEQUIP.NS,2009-09-01,15.46,2020-03-01,105.38,581.41,126,False
HCLTECH.NS,2009-09-01,49.42,2020-04-01,338.89,585.66,127,False
J&KBANK.NS,2009-09-01,49.18,2010-01-01,45.85,-6.77,4,False
OLECTRA.NS,2009-09-01,21.68,2009-10-01,24.47,12.89,1,False
SHRIRAMFIN.NS,2009-09-01,57.53,2013-09-01,84.36,46.64,48,False
SIEMENS.NS,2009-09-01,247.06,2009-11-01,244.18,-1.17,2,False
TIMKEN.NS,2009-09-01,87.06,2010-02-01,83.83,-3.7,5,False
TORNTPHARM.NS,2009-09-01,52.01,2026-09-01,4800.0,9129.87,204,True
BATAINDIA.NS,2009-10-01,79.13,2009-11-01,71.03,-10.24,1,False
CARBORUNIV.NS,2009-10-01,64.55,2009-11-01,60.83,-5.77,1,False
CHENNPETRO.NS,2009-10-01,170.96,2009-11-01,139.02,-18.68,1,False
HINDALCO.NS,2009-10-01,113.62,2009-11-01,106.5,-6.27,1,False
IOB.NS,2009-10-01,107.11,2010-02-01,76.58,-28.5,4,False
NATCOPHARM.NS,2009-10-01,23.86,2009-11-01,19.34,-18.96,1,False
OFSS.NS,2009-11-01,1127.95,2019-07-01,2230.52,97.75,116,False
UNITDSPR.NS,2009-11-01,204.05,2010-01-01,242.86,19.02,2,False
AEGISLOG.NS,2009-12-01,8.8,2010-03-01,9.37,6.44,3,False
ESCORTS.NS,2009-12-01,99.28,2011-08-01,88.03,-11.33,20,False
GAIL.NS,2009-12-01,47.29,2011-12-01,45.91,-2.92,24,False
HDFCBANK.NS,2009-12-01,76.92,2010-01-01,73.58,-4.35,1,False
MFSL.NS,2009-12-01,205.02,2010-02-01,187.63,-8.48,2,False
ZEEL.NS,2009-12-01,101.7,2010-01-01,101.55,-0.16,1,False
BSOFT.NS,2010-01-01,30.54,2010-02-01,26.76,-12.4,1,False
CARBORUNIV.NS,2010-01-01,69.72,2013-09-01,96.98,39.1,44,False
DRREDDY.NS,2010-01-01,204.22,2010-02-01,202.87,-0.66,1,False
HAVELLS.NS,2010-01-01,44.55,2026-04-01,1211.96,2620.33,195,False
HEGAM.NS,2010-01-01,52.96,2010-03-01,44.33,-16.28,2,False
HINDALCO.NS,2010-01-01,140.59,2010-02-01,126.73,-9.85,1,False
KAJARIACER.NS,2010-01-01,22.0,2018-10-01,338.44,1438.06,105,False
SCHAEFFLER.NS,2010-01-01,111.49,2010-02-01,99.42,-10.82,1,False
TATAELXSI.NS,2010-01-01,97.19,2011-09-01,79.51,-18.19,20,False
TMPV.NS,2010-01-01,142.89,2017-05-01,447.07,212.87,88,False
ULTRACEMCO.NS,2010-01-01,835.25,2010-07-01,809.11,-3.13,6,False
UPL.NS,2010-01-01,96.59,2010-03-01,83.66,-13.39,2,False
CHOLAHLDNG.NS,2010-02-01,41.98,2020-03-01,526.52,1154.33,121,False
J&KBANK.NS,2010-02-01,46.41,2010-03-01,49.33,6.3,1,False
WHIRLPOOL.NS,2010-02-01,124.71,2013-05-01,201.59,61.66,39,False
ACC.NS,2010-03-01,735.74,2010-06-01,653.49,-11.18,3,False
BATAINDIA.NS,2010-03-01,98.26,2016-10-01,434.61,342.3,79,False
DRREDDY.NS,2010-03-01,203.45,2017-04-01,494.24,142.92,85,False
HINDALCO.NS,2010-03-01,142.16,2010-06-01,130.84,-7.96,3,False
USHAMART.NS,2010-03-01,79.64,2010-06-01,73.9,-7.2,3,False
AMBUJACEM.NS,2010-04-01,93.96,2010-06-01,84.86,-9.69,2,False
BSOFT.NS,2010-04-01,28.0,2010-06-01,23.99,-14.3,2,False
DEEPAKFERT.NS,2010-04-01,74.24,2013-01-01,88.22,18.83,33,False
HDFCBANK.NS,2010-04-01,84.28,2026-04-01,730.91,767.2,192,False
J&KBANK.NS,2010-04-01,54.02,2017-03-01,71.6,32.55,83,False
MRF.NS,2010-04-01,6619.79,2020-04-01,57217.52,764.34,120,False
NATCOPHARM.NS,2010-04-01,23.73,2019-05-01,515.45,2072.37,109,False
AEGISLOG.NS,2010-05-01,14.56,2012-01-01,8.63,-40.7,20,False
HEGAM.NS,2010-05-01,50.77,2010-06-01,43.37,-14.57,1,False
IDBI.NS,2010-05-01,99.36,2010-06-01,89.9,-9.52,1,False
PATANJALI.NS,2010-05-01,3787.76,2010-06-01,3083.43,-18.6,1,False
SCHAEFFLER.NS,2010-05-01,104.32,2010-06-01,101.03,-3.16,1,False
TIMKEN.NS,2010-05-01,100.28,2010-06-01,90.68,-9.57,1,False
UPL.NS,2010-05-01,93.39,2012-01-01,72.01,-22.89,20,False
ZEEL.NS,2010-05-01,120.43,2019-02-01,346.32,187.57,105,False
ATUL.NS,2010-06-01,74.02,2023-11-01,6172.26,8238.63,161,False
TVSMOTOR.NS,2010-06-01,43.85,2012-04-01,36.0,-17.9,22,False
BSOFT.NS,2010-07-01,31.59,2015-05-01,52.91,67.46,58,False
IDBI.NS,2010-07-01,95.75,2011-12-01,79.19,-17.3,17,False
KIRLOSENG.NS,2010-07-01,284.31,2011-02-01,112.31,-60.5,7,False
TIMKEN.NS,2010-07-01,117.53,2013-04-01,118.7,1.0,33,False
AMBUJACEM.NS,2010-08-01,92.81,2018-06-01,181.43,95.48,94,False
KARURVYSYA.NS,2010-08-01,35.97,2013-09-01,35.5,-1.32,37,False
SCHAEFFLER.NS,2010-08-01,144.07,2019-08-01,765.77,431.52,108,False
ULTRACEMCO.NS,2010-08-01,804.46,2020-04-01,3084.46,283.42,116,False
ACC.NS,2010-09-01,708.91,2018-11-01,1284.6,81.21,98,False
HINDALCO.NS,2010-09-01,147.62,2012-01-01,104.15,-29.45,16,False
ICICIBANK.NS,2010-09-01,149.54,2011-12-01,116.52,-22.08,15,False
PATANJALI.NS,2010-09-01,4034.88,2012-05-01,2809.08,-30.38,20,False
ASAHIINDIA.NS,2010-10-01,92.7,2011-02-01,83.76,-9.65,4,False
CANBK.NS,2010-10-01,82.43,2011-06-01,77.22,-6.32,8,False
IOB.NS,2010-10-01,115.0,2011-09-01,98.74,-14.14,11,False
KOTAKBANK.NS,2010-10-01,47.36,2024-03-01,337.76,613.2,161,False
SIEMENS.NS,2010-10-01,402.47,2013-03-01,253.56,-37.0,29,False
UNITDSPR.NS,2010-10-01,306.7,2010-12-01,268.56,-12.44,2,False
BHARATFORG.NS,2010-11-01,167.07,2011-02-01,149.62,-10.44,3,False
IFCI.NS,2010-11-01,57.86,2010-12-01,51.09,-11.71,1,False
WOCKPHARMA.NS,2010-12-01,317.22,2012-01-01,238.69,-24.76,13,False
BEML.NS,2011-01-01,374.5,2011-02-01,308.25,-17.69,1,False
DIVISLAB.NS,2011-01-01,278.68,2011-03-01,255.86,-8.19,2,False
GESHIP.NS,2011-01-01,211.65,2011-02-01,188.41,-10.98,1,False
IFCI.NS,2011-01-01,56.21,2011-02-01,44.47,-20.88,1,False
KEC.NS,2011-01-01,89.88,2011-02-01,77.04,-14.29,1,False
NATIONALUM.NS,2011-01-01,46.38,2011-08-01,35.73,-22.97,7,False
RELIANCE.NS,2011-01-01,217.06,2011-02-01,188.54,-13.14,1,False
SAIL.NS,2011-01-01,133.71,2011-03-01,112.14,-16.13,2,False
UNITDSPR.NS,2011-01-01,284.31,2011-02-01,243.04,-14.51,1,False
POONAWALLA.NS,2011-03-01,53.42,2016-02-01,74.06,38.65,59,False
ASAHIINDIA.NS,2011-04-01,85.68,2011-06-01,82.69,-3.49,2,False
BHARATFORG.NS,2011-04-01,151.56,2011-06-01,138.74,-8.46,2,False
DIVISLAB.NS,2011-04-01,292.96,2017-02-01,651.5,122.39,70,False
EICHERMOT.NS,2011-04-01,119.87,2011-05-01,112.71,-5.97,1,False
MOTHERSON.NS,2011-04-01,6.16,2011-09-01,5.49,-10.97,5,False
RELIANCE.NS,2011-04-01,213.81,2011-07-01,186.56,-12.74,3,False
SAIL.NS,2011-04-01,123.83,2011-06-01,102.88,-16.92,2,False
BHARTIARTL.NS,2011-05-01,311.83,2011-06-01,308.75,-0.99,1,False
BHARTIARTL.NS,2011-07-01,324.91,2011-10-01,307.75,-5.28,3,False
MFSL.NS,2011-07-01,168.13,2011-12-01,152.85,-9.09,5,False
NTPC.NS,2011-07-01,92.34,2011-09-01,84.0,-9.03,2,False
GMDCLTD.NS,2011-08-01,105.51,2013-06-01,93.08,-11.78,22,False
EICHERMOT.NS,2011-09-01,120.25,2019-02-01,1774.0,1375.31,89,False
CONCOR.NS,2011-10-01,173.71,2011-12-01,161.95,-6.77,2,False
JINDALSAW.NS,2011-10-01,52.68,2011-12-01,49.16,-6.69,2,False
TATAELXSI.NS,2011-10-01,81.4,2011-12-01,78.56,-3.48,2,False
CRISIL.NS,2011-11-01,708.08,2018-06-01,1506.76,112.79,79,False
MAHABANK.NS,2011-11-01,37.92,2011-12-01,34.37,-9.36,1,False
THERMAX.NS,2011-11-01,426.18,2011-12-01,424.18,-0.47,1,False
JINDALSAW.NS,2012-01-01,52.42,2012-06-01,48.86,-6.8,5,False
ADANIENT.NS,2012-02-01,53.92,2012-04-01,39.64,-26.49,2,False
AEGISLOG.NS,2012-02-01,13.57,2012-08-01,9.53,-29.77,6,False
AUROPHARMA.NS,2012-02-01,53.1,2012-06-01,50.07,-5.71,4,False
BAJFINANCE.NS,2012-02-01,6.78,2026-09-01,959.4,14052.94,175,True
BANKINDIA.NS,2012-02-01,264.38,2012-06-01,257.4,-2.64,4,False
BEL.NS,2012-02-01,11.04,2012-05-01,11.74,6.35,3,False
BHARATFORG.NS,2012-02-01,127.09,2013-01-01,112.69,-11.33,11,False
BIOCON.NS,2012-02-01,40.16,2013-01-01,44.56,10.95,11,False
BPCL.NS,2012-02-01,22.73,2013-09-01,23.38,2.87,19,False
CANBK.NS,2012-02-01,68.47,2012-09-01,47.69,-30.35,7,False
CONCOR.NS,2012-02-01,178.12,2012-04-01,171.77,-3.57,2,False
GAIL.NS,2012-02-01,43.12,2012-09-01,42.11,-2.34,7,False
GRASIM.NS,2012-02-01,367.15,2019-09-01,684.29,86.38,91,False
HINDALCO.NS,2012-02-01,131.04,2012-05-01,107.49,-17.97,3,False
HINDPETRO.NS,2012-02-01,22.5,2012-05-01,23.0,2.22,3,False
ICICIBANK.NS,2012-02-01,140.32,2012-06-01,123.65,-11.88,4,False
IDBI.NS,2012-02-01,85.06,2012-06-01,72.81,-14.4,4,False
IOC.NS,2012-02-01,22.47,2012-05-01,20.65,-8.11,3,False
LT.NS,2012-02-01,470.22,2012-04-01,469.15,-0.23,2,False
MARUTI.NS,2012-02-01,1051.8,2012-06-01,978.39,-6.98,4,False
MOTHERSON.NS,2012-02-01,4.79,2019-06-01,28.74,499.93,88,False
SBIN.NS,2012-02-01,170.46,2012-09-01,156.56,-8.16,7,False
SRF.NS,2012-02-01,46.38,2013-01-01,34.97,-24.59,11,False
TATAELXSI.NS,2012-02-01,81.84,2013-02-01,92.76,13.34,12,False
TATAPOWER.NS,2012-02-01,82.55,2012-04-01,79.83,-3.29,2,False
THERMAX.NS,2012-02-01,444.31,2012-04-01,418.11,-5.9,2,False
TRENT.NS,2012-02-01,85.06,2014-05-01,96.0,12.86,27,False
UCOBANK.NS,2012-02-01,58.3,2013-01-01,69.97,20.02,11,False
UNIONBANK.NS,2012-02-01,163.2,2012-06-01,150.62,-7.71,4,False
UPL.NS,2012-02-01,84.81,2012-04-01,74.53,-12.12,2,False
WOCKPHARMA.NS,2012-02-01,321.76,2016-03-01,694.6,115.87,49,False
YESBANK.NS,2012-02-01,60.56,2013-09-01,46.24,-23.64,19,False
ZENSARTECH.NS,2012-02-01,26.87,2020-02-01,151.58,464.14,96,False
GRANULES.NS,2012-03-01,7.3,2018-06-01,75.52,933.92,75,False
JSWSTEEL.NS,2012-03-01,68.63,2012-04-01,61.23,-10.78,1,False
KSB.NS,2012-03-01,39.13,2012-06-01,31.29,-20.04,3,False
MAHABANK.NS,2012-03-01,39.26,2012-08-01,36.48,-7.08,5,False
RAMCOCEM.NS,2012-04-01,145.18,2012-06-01,129.54,-10.77,2,False
GODREJIND.NS,2012-05-01,257.12,2012-06-01,249.18,-3.09,1,False
MFSL.NS,2012-05-01,181.45,2012-06-01,169.32,-6.68,1,False
VTL.NS,2012-05-01,35.01,2019-08-01,166.7,376.11,87,False
COFORGE.NS,2012-06-01,50.83,2012-07-01,45.87,-9.75,1,False
PATANJALI.NS,2012-06-01,2976.36,2012-08-01,2588.14,-13.04,2,False
BANKINDIA.NS,2012-07-01,273.01,2012-08-01,231.81,-15.09,1,False
HINDPETRO.NS,2012-07-01,25.49,2012-09-01,23.53,-7.68,2,False
ICICIBANK.NS,2012-07-01,142.11,2013-09-01,130.55,-8.13,14,False
LT.NS,2012-07-01,503.18,2012-09-01,492.9,-2.04,2,False
MFSL.NS,2012-07-01,176.74,2012-08-01,161.27,-8.75,1,False
RAMCOCEM.NS,2012-07-01,150.99,2020-04-01,504.2,233.92,93,False
CHOLAFIN.NS,2012-08-01,39.94,2020-04-01,148.81,272.6,92,False
IOC.NS,2012-08-01,20.92,2012-09-01,19.41,-7.19,1,False
KSB.NS,2012-08-01,36.42,2013-02-01,33.09,-9.15,6,False
GLENMARK.NS,2012-09-01,424.58,2017-06-01,617.55,45.45,57,False
ASHOKLEY.NS,2012-10-01,9.54,2012-11-01,9.27,-2.9,1,False
AUROPHARMA.NS,2012-10-01,66.25,2013-03-01,75.39,13.79,5,False
CANBK.NS,2012-10-01,63.91,2013-02-01,71.42,11.76,4,False
GAIL.NS,2012-10-01,45.26,2012-11-01,40.97,-9.48,1,False
GODREJIND.NS,2012-10-01,280.79,2013-08-01,254.89,-9.22,10,False
IDBI.NS,2012-10-01,85.8,2012-11-01,79.91,-6.86,1,False
LT.NS,2012-10-01,578.71,2013-02-01,562.49,-2.8,4,False
MAHABANK.NS,2012-10-01,39.48,2013-03-01,41.66,5.52,5,False
MARUTI.NS,2012-10-01,1208.82,2013-09-01,1109.62,-8.21,11,False
MFSL.NS,2012-10-01,205.2,2013-09-01,157.13,-23.43,11,False
PNB.NS,2012-10-01,140.23,2012-11-01,122.91,-12.35,1,False
SBIN.NS,2012-10-01,189.76,2012-12-01,184.48,-2.78,2,False
THERMAX.NS,2012-10-01,520.47,2012-12-01,553.57,6.36,2,False
CCL.NS,2012-11-01,25.59,2013-03-01,24.48,-4.35,4,False
COFORGE.NS,2012-11-01,47.45,2026-09-01,1749.1,3586.33,166,True
PVRINOX.NS,2012-11-01,225.73,2020-04-01,1171.45,418.96,89,False
WIPRO.NS,2012-11-01,54.88,2013-05-01,55.21,0.61,6,False
ASHOKLEY.NS,2012-12-01,11.22,2013-02-01,9.56,-14.79,2,False
IDBI.NS,2012-12-01,93.5,2013-01-01,97.01,3.75,1,False
RADICO.NS,2012-12-01,137.66,2013-04-01,121.95,-11.41,4,False
SUNTV.NS,2012-12-01,279.64,2015-07-01,211.54,-24.35,31,False
UNITDSPR.NS,2012-12-01,386.35,2016-12-01,376.03,-2.67,48,False
SBIN.NS,2013-01-01,203.51,2013-03-01,176.61,-13.22,2,False
TATAINVEST.NS,2013-01-01,33.93,2013-03-01,31.87,-6.07,2,False
THERMAX.NS,2013-01-01,568.29,2013-02-01,525.34,-7.56,1,False
INFY.NS,2013-02-01,244.75,2013-05-01,198.3,-18.98,3,False
IOC.NS,2013-02-01,26.12,2013-03-01,23.26,-10.94,1,False
WELSPUNLIV.NS,2013-02-01,6.83,2013-06-01,5.1,-25.44,4,False
AUROPHARMA.NS,2013-05-01,89.08,2013-06-01,79.52,-10.74,1,False
CCL.NS,2013-05-01,24.41,2019-05-01,238.9,878.73,72,False
CONCOR.NS,2013-05-01,205.92,2013-07-01,200.68,-2.54,2,False
GABRIEL.NS,2013-05-01,19.69,2013-06-01,17.46,-11.32,1,False
MAHABANK.NS,2013-05-01,46.91,2013-07-01,42.57,-9.25,2,False
TIMKEN.NS,2013-05-01,140.95,2013-09-01,137.41,-2.51,4,False
MPHASIS.NS,2013-06-01,334.29,2013-07-01,252.72,-24.4,1,False
UPL.NS,2013-06-01,88.78,2013-07-01,79.57,-10.38,1,False
AUROPHARMA.NS,2013-07-01,84.75,2013-08-01,79.65,-6.02,1,False
LINDEINDIA.NS,2013-07-01,251.8,2013-08-01,245.07,-2.67,1,False
LTFOODS.NS,2013-07-01,5.94,2019-05-01,31.58,431.57,70,False
WELSPUNLIV.NS,2013-07-01,5.33,2013-08-01,4.18,-21.44,1,False
APOLLOTYRE.NS,2013-08-01,56.7,2019-08-01,141.74,149.99,72,False
INFY.NS,2013-08-01,265.05,2017-10-01,353.89,33.52,50,False
TECHM.NS,2013-08-01,214.19,2017-02-01,325.89,52.15,42,False
WIPRO.NS,2013-08-01,70.44,2016-11-01,78.33,11.21,39,False
BIOCON.NS,2013-09-01,55.9,2022-09-01,298.09,433.3,108,False
HINDZINC.NS,2013-09-01,45.24,2014-03-01,42.77,-5.45,6,False
AUROPHARMA.NS,2013-10-01,95.23,2018-04-01,536.12,462.96,54,False
BPCL.NS,2013-10-01,27.63,2018-11-01,84.31,205.1,61,False
COROMANDEL.NS,2013-10-01,201.74,2013-11-01,186.08,-7.76,1,False
CUMMINSIND.NS,2013-10-01,324.67,2013-11-01,316.31,-2.57,1,False
EXIDEIND.NS,2013-10-01,112.84,2013-11-01,108.46,-3.88,1,False
GODREJIND.NS,2013-10-01,259.67,2019-08-01,455.0,75.22,70,False
GRAPHITE.NS,2013-10-01,53.25,2014-02-01,49.56,-6.94,4,False
LINDEINDIA.NS,2013-10-01,254.71,2014-05-01,304.51,19.55,7,False
MARUTI.NS,2013-10-01,1220.38,2019-08-01,5143.97,321.5,70,False
MFSL.NS,2013-10-01,184.25,2018-10-01,405.5,120.08,60,False
WELSPUNLIV.NS,2013-10-01,5.5,2018-04-01,54.6,892.2,54,False
YESBANK.NS,2013-10-01,54.21,2018-11-01,189.4,249.37,61,False
AIAENG.NS,2013-11-01,353.53,2026-09-01,3869.0,994.39,154,True
AXISBANK.NS,2013-11-01,234.53,2013-12-01,222.06,-5.32,1,False
BHARATFORG.NS,2013-11-01,135.26,2013-12-01,135.69,0.32,1,False
CONCOR.NS,2013-11-01,207.6,2020-04-01,307.85,48.29,77,False
FEDERALBNK.NS,2013-11-01,36.4,2019-09-01,78.97,116.97,70,False
ICICIBANK.NS,2013-11-01,179.57,2017-04-01,239.54,33.39,41,False
JKTYRE.NS,2013-11-01,20.6,2018-12-01,90.28,338.25,61,False
KARURVYSYA.NS,2013-11-01,39.85,2014-02-01,36.76,-7.77,3,False
KSB.NS,2013-11-01,42.11,2019-08-01,114.91,172.87,69,False
LICHSGFIN.NS,2013-11-01,182.38,2014-02-01,157.45,-13.67,3,False
ONGC.NS,2013-11-01,105.79,2015-08-01,103.93,-1.76,21,False
RADICO.NS,2013-11-01,139.33,2014-05-01,99.75,-28.41,6,False
TATACHEM.NS,2013-11-01,74.56,2014-01-01,77.94,4.53,2,False
UPL.NS,2013-11-01,96.13,2020-04-01,305.51,217.82,77,False
CARBORUNIV.NS,2013-12-01,132.61,2020-04-01,213.07,60.67,76,False
COROMANDEL.NS,2013-12-01,194.35,2014-02-01,167.62,-13.75,2,False
CUMMINSIND.NS,2013-12-01,341.89,2017-12-01,736.44,115.4,48,False
FINCABLES.NS,2013-12-01,67.63,2019-08-01,346.88,412.89,68,False
GABRIEL.NS,2013-12-01,22.0,2014-02-01,17.83,-18.92,2,False
JSWSTEEL.NS,2013-12-01,79.99,2020-04-01,135.93,69.94,76,False
PETRONET.NS,2013-12-01,44.33,2014-01-01,41.21,-7.03,1,False
TATAELXSI.NS,2013-12-01,128.77,2019-08-01,583.89,353.43,68,False
THERMAX.NS,2013-12-01,599.9,2017-01-01,707.0,17.85,37,False
TVSMOTOR.NS,2013-12-01,50.73,2019-08-01,349.44,588.79,68,False
ZYDUSLIFE.NS,2013-12-01,132.86,2019-02-01,299.37,125.33,62,False
AXISBANK.NS,2014-01-01,249.19,2014-02-01,212.92,-14.55,1,False
BHARATFORG.NS,2014-01-01,150.05,2019-06-01,445.11,196.64,65,False
CESC.NS,2014-01-01,26.9,2020-02-01,51.96,93.18,73,False
ESCORTS.NS,2014-01-01,128.21,2014-02-01,115.54,-9.88,1,False
JBMA.NS,2014-01-01,3.03,2019-08-01,31.96,956.29,67,False
LT.NS,2014-01-01,595.24,2014-02-01,543.12,-8.76,1,False
SHRIRAMFIN.NS,2014-01-01,112.15,2014-02-01,103.79,-7.45,1,False
TIMKEN.NS,2014-01-01,160.13,2014-02-01,150.08,-6.28,1,False
WHIRLPOOL.NS,2014-01-01,205.47,2014-02-01,177.03,-13.84,1,False
AXISBANK.NS,2014-03-01,241.24,2020-04-01,374.4,55.2,73,False
GABRIEL.NS,2014-03-01,20.51,2019-08-01,83.9,309.18,65,False
GODFRYPHLP.NS,2014-03-01,179.36,2014-07-01,157.28,-12.31,4,False
GRAPHITE.NS,2014-03-01,57.02,2015-02-01,56.6,-0.73,11,False
LT.NS,2014-03-01,609.3,2020-04-01,737.41,21.02,73,False
BANKBARODA.NS,2014-04-01,120.26,2016-02-01,106.78,-11.2,22,False
GESHIP.NS,2014-04-01,229.3,2018-04-01,248.39,8.33,48,False
GVT&D.NS,2014-04-01,239.61,2017-03-01,292.54,22.09,35,False
HINDZINC.NS,2014-04-01,47.54,2019-10-01,115.76,143.48,66,False
KARURVYSYA.NS,2014-04-01,42.95,2018-10-01,56.85,32.35,54,False
LICHSGFIN.NS,2014-04-01,192.51,2018-10-01,356.96,85.43,54,False
MPHASIS.NS,2014-04-01,283.54,2015-01-01,279.14,-1.55,9,False
PETRONET.NS,2014-04-01,45.34,2022-01-01,180.92,298.98,93,False
SHRIRAMFIN.NS,2014-04-01,126.71,2019-02-01,176.5,39.29,58,False
SIEMENS.NS,2014-04-01,397.11,2014-05-01,356.69,-10.18,1,False
SRF.NS,2014-04-01,67.11,2026-09-01,2472.5,3584.46,149,True
TATACHEM.NS,2014-04-01,81.15,2020-04-01,201.63,148.47,72,False
TATAINVEST.NS,2014-04-01,34.63,2020-04-01,59.23,71.05,72,False
TIMKEN.NS,2014-04-01,169.77,2019-05-01,515.87,203.86,61,False
VOLTAS.NS,2014-04-01,149.08,2020-04-01,456.39,206.14,72,False
WHIRLPOOL.NS,2014-04-01,224.8,2022-03-01,1641.8,630.34,95,False
KPRMILL.NS,2014-05-01,12.55,2019-08-01,108.88,767.63,63,False
REDINGTON.NS,2014-05-01,29.76,2018-10-01,34.94,17.41,53,False
ADANIENT.NS,2014-06-01,68.6,2015-07-01,48.21,-29.73,13,False
ASHOKLEY.NS,2014-06-01,13.36,2019-02-01,35.03,162.18,56,False
BEL.NS,2014-06-01,13.35,2018-10-01,23.19,73.71,52,False
COROMANDEL.NS,2014-06-01,217.66,2014-08-01,205.76,-5.47,2,False
DEEPAKFERT.NS,2014-06-01,118.34,2014-12-01,103.6,-12.46,6,False
ENGINERSIN.NS,2014-06-01,97.67,2014-09-01,82.93,-15.09,3,False
EXIDEIND.NS,2014-06-01,123.72,2016-02-01,109.15,-11.78,20,False
HINDPETRO.NS,2014-06-01,33.26,2019-12-01,136.79,311.31,66,False
IOC.NS,2014-06-01,29.45,2019-08-01,57.7,95.9,62,False
KEC.NS,2014-06-01,107.84,2020-04-01,179.99,66.9,70,False
LINDEINDIA.NS,2014-06-01,355.03,2015-09-01,308.04,-13.24,15,False
PFC.NS,2014-06-01,59.47,2016-02-01,39.45,-33.65,20,False
PNB.NS,2014-06-01,166.73,2014-10-01,156.06,-6.4,4,False
RELIANCE.NS,2014-06-01,228.92,2015-10-01,188.5,-17.66,16,False
RKFORGE.NS,2014-06-01,29.35,2019-07-01,85.61,191.66,61,False
SBIN.NS,2014-06-01,223.18,2016-01-01,199.49,-10.62,19,False
SIEMENS.NS,2014-06-01,447.02,2018-04-01,602.46,34.77,46,False
TATAPOWER.NS,2014-06-01,87.86,2014-08-01,82.15,-6.5,2,False
TATASTEEL.NS,2014-06-01,32.65,2015-01-01,27.8,-14.84,7,False
TRENT.NS,2014-06-01,101.78,2026-04-01,2294.61,2154.56,142,False
UCOBANK.NS,2014-06-01,97.93,2015-02-01,70.15,-28.36,8,False
VEDL.NS,2014-06-01,87.89,2014-11-01,81.35,-7.45,5,False
ABB.NS,2014-07-01,958.2,2020-03-01,1135.06,18.46,68,False
AEGISLOG.NS,2014-07-01,21.57,2020-04-01,129.06,498.47,69,False
APARINDS.NS,2014-07-01,226.02,2019-07-01,532.79,135.72,60,False
BAJAJHLDNG.NS,2014-07-01,1055.73,2020-04-01,1644.36,55.76,69,False
CGPOWER.NS,2014-07-01,68.22,2015-04-01,56.42,-17.29,9,False
ESCORTS.NS,2014-07-01,126.35,2014-08-01,109.95,-12.98,1,False
GAIL.NS,2014-07-01,57.33,2015-09-01,37.6,-34.41,14,False
GILLETTE.NS,2014-07-01,1766.7,2020-04-01,4814.27,172.5,69,False
GMDCLTD.NS,2014-07-01,119.3,2014-08-01,107.6,-9.81,1,False
HEGAM.NS,2014-07-01,46.98,2015-06-01,31.58,-32.78,11,False
HINDALCO.NS,2014-07-01,153.05,2015-02-01,128.92,-15.77,7,False
IDBI.NS,2014-07-01,102.96,2014-08-01,82.69,-19.68,1,False
IGL.NS,2014-07-01,30.09,2022-04-01,168.08,458.59,93,False
INDHOTEL.NS,2014-07-01,91.5,2020-04-01,70.52,-22.93,69,False
KIRLOSBROS.NS,2014-07-01,276.85,2015-03-01,183.13,-33.85,8,False
MAHABANK.NS,2014-07-01,43.54,2014-08-01,38.52,-11.52,1,False
PHOENIXLTD.NS,2014-07-01,155.16,2020-06-01,269.29,73.56,71,False
STLTECH.NS,2014-07-01,60.29,2014-08-01,50.57,-16.12,1,False
TRIDENT.NS,2014-07-01,1.83,2019-08-01,4.6,151.67,61,False
UNIONBANK.NS,2014-07-01,192.74,2014-08-01,150.06,-22.14,1,False
UNOMINDA.NS,2014-07-01,10.88,2020-04-01,121.25,1014.39,69,False
ZFCVINDIA.NS,2014-07-01,546.34,2020-04-01,1022.31,87.12,69,False
ABREL.NS,2014-08-01,556.46,2019-09-01,829.44,49.06,61,False
ASAHIINDIA.NS,2014-08-01,89.14,2019-08-01,190.81,114.06,60,False
CEMPRO.NS,2014-08-01,35.43,2018-12-01,101.86,187.48,52,False
FSL.NS,2014-08-01,29.53,2020-04-01,23.97,-18.82,68,False
IIFL.NS,2014-08-01,57.22,2019-07-01,137.14,139.68,59,False
KPIL.NS,2014-08-01,140.93,2020-03-01,309.74,119.77,67,False
MOTILALOFS.NS,2014-08-01,217.35,2019-08-01,507.99,133.72,60,False
SOBHA.NS,2014-08-01,401.47,2015-09-01,255.75,-36.3,13,False
BLUESTARCO.NS,2014-09-01,152.64,2020-04-01,221.81,45.31,67,False
BRIGADE.NS,2014-09-01,57.24,2020-04-01,97.18,69.78,67,False
CIEINDIA.NS,2014-09-01,168.46,2018-04-01,206.45,22.56,43,False
COROMANDEL.NS,2014-09-01,221.38,2015-05-01,199.29,-9.98,8,False
EIDPARRY.NS,2014-09-01,188.19,2015-01-01,179.43,-4.66,4,False
EIHOTEL.NS,2014-09-01,102.17,2014-10-01,92.88,-9.09,1,False
FORTIS.NS,2014-09-01,118.18,2014-12-01,104.93,-11.21,3,False
JMFINANCIL.NS,2014-09-01,34.83,2019-07-01,67.55,93.93,58,False
STLTECH.NS,2014-09-01,57.91,2015-01-01,56.49,-2.44,4,False
BHARTIARTL.NS,2014-10-01,338.7,2015-01-01,297.12,-12.28,3,False
ESCORTS.NS,2014-10-01,141.58,2015-04-01,119.81,-15.38,6,False
HFCL.NS,2014-10-01,19.58,2015-04-01,13.15,-32.83,6,False
ENGINERSIN.NS,2014-11-01,96.38,2014-12-01,80.86,-16.11,1,False
GODFRYPHLP.NS,2014-11-01,167.86,2015-02-01,164.51,-2.0,3,False
INDIACEM.NS,2014-11-01,106.52,2014-12-01,91.14,-14.44,1,False
NESTLEIND.NS,2014-11-01,272.57,2015-09-01,259.68,-4.73,10,False
PNB.NS,2014-11-01,162.86,2015-03-01,147.47,-9.45,4,False
TATACOMM.NS,2014-11-01,213.88,2019-05-01,315.53,47.52,54,False
BAJAJFINSV.NS,2014-12-01,114.63,2026-09-01,1731.0,1410.03,141,True
EIHOTEL.NS,2014-12-01,103.1,2015-05-01,98.08,-4.86,5,False
HBLENGINE.NS,2014-12-01,24.57,2018-06-01,37.12,51.08,42,False
KEI.NS,2014-12-01,41.39,2020-04-01,278.56,573.04,64,False
NCC.NS,2014-12-01,57.77,2016-03-01,53.25,-7.82,15,False
PCBL.NS,2014-12-01,10.67,2015-03-01,8.78,-17.76,3,False
TECHNOE.NS,2014-12-01,160.44,2019-02-01,226.42,41.12,50,False
BEML.NS,2015-01-01,307.64,2018-06-01,361.71,17.57,41,False
DEEPAKFERT.NS,2015-01-01,110.61,2018-12-01,140.05,26.61,47,False
INDIANB.NS,2015-01-01,173.85,2015-02-01,146.8,-15.56,1,False
UNIONBANK.NS,2015-01-01,189.73,2015-02-01,164.21,-13.45,1,False
BHARTIARTL.NS,2015-02-01,310.2,2015-03-01,298.71,-3.7,1,False
GALLANTT.NS,2015-02-01,27.44,2015-03-01,24.99,-8.93,1,False
FORTIS.NS,2015-03-01,161.26,2017-11-01,143.84,-10.8,32,False
GRAPHITE.NS,2015-03-01,63.78,2015-09-01,51.41,-19.39,6,False
HINDALCO.NS,2015-03-01,142.0,2015-04-01,118.79,-16.34,1,False
INDIANB.NS,2015-03-01,147.11,2015-04-01,138.57,-5.81,1,False
NTPC.NS,2015-03-01,86.73,2015-04-01,81.72,-5.77,1,False
STLTECH.NS,2015-03-01,60.0,2015-04-01,49.89,-16.86,1,False
TITAGARH.NS,2015-03-01,114.09,2018-06-01,102.22,-10.4,39,False
ACE.NS,2015-04-01,38.14,2015-05-01,36.81,-3.49,1,False
BHARTIARTL.NS,2015-04-01,329.73,2015-09-01,295.92,-10.26,5,False
ELECON.NS,2015-04-01,31.06,2016-03-01,20.53,-33.9,11,False
MRPL.NS,2015-04-01,56.41,2015-09-01,45.71,-18.97,5,False
PCBL.NS,2015-04-01,9.56,2015-06-01,7.91,-17.24,2,False
ACE.NS,2015-06-01,38.14,2015-10-01,35.9,-5.87,4,False
COROMANDEL.NS,2015-06-01,205.96,2015-09-01,163.58,-20.58,3,False
EIHOTEL.NS,2015-06-01,97.53,2015-07-01,91.88,-5.79,1,False
STLTECH.NS,2015-06-01,66.79,2019-09-01,110.11,64.86,51,False
TARIL.NS,2015-06-01,12.74,2015-09-01,9.39,-26.36,3,False
CHENNPETRO.NS,2015-07-01,125.34,2019-06-01,187.61,49.68,47,False
MPHASIS.NS,2015-07-01,299.32,2015-10-01,309.91,3.54,3,False
BSOFT.NS,2015-08-01,57.01,2015-09-01,52.01,-8.77,1,False
CGPOWER.NS,2015-08-01,63.26,2015-09-01,58.01,-8.3,1,False
EIHOTEL.NS,2015-08-01,107.34,2017-01-01,90.91,-15.31,17,False
ESCORTS.NS,2015-08-01,132.03,2016-02-01,128.11,-2.97,6,False
KIRLOSBROS.NS,2015-08-01,202.48,2015-10-01,187.95,-7.18,2,False
PCBL.NS,2015-08-01,9.72,2015-09-01,8.32,-14.37,1,False
TATACONSUM.NS,2015-08-01,125.43,2015-09-01,105.34,-16.02,1,False
BSOFT.NS,2015-10-01,55.12,2016-08-01,69.93,26.86,10,False
GODFRYPHLP.NS,2015-10-01,181.29,2018-02-01,263.23,45.2,28,False
HFCL.NS,2015-10-01,16.44,2016-12-01,12.47,-24.18,14,False
NESTLEIND.NS,2015-10-01,278.45,2015-12-01,257.06,-7.68,2,False
PFOCUS.NS,2015-10-01,52.5,2019-02-01,55.0,4.76,40,False
SUNTV.NS,2015-10-01,269.67,2016-03-01,247.67,-8.16,5,False
ACE.NS,2015-11-01,41.59,2016-03-01,34.42,-17.25,4,False
EIDPARRY.NS,2015-11-01,158.33,2016-03-01,153.05,-3.34,4,False
GRAPHITE.NS,2015-11-01,54.87,2016-03-01,51.78,-5.64,4,False
MPHASIS.NS,2015-11-01,355.2,2016-03-01,312.34,-12.07,4,False
PCBL.NS,2015-11-01,9.64,2016-02-01,7.98,-17.25,3,False
RELIANCE.NS,2015-11-01,204.69,2026-09-01,1285.0,527.79,130,False
SOBHA.NS,2015-11-01,295.76,2015-12-01,284.98,-3.64,1,False
TATACONSUM.NS,2015-11-01,118.87,2016-02-01,112.48,-5.37,3,False
CGPOWER.NS,2015-12-01,65.88,2016-02-01,59.04,-10.39,2,False
GAIL.NS,2015-12-01,46.08,2016-02-01,46.94,1.86,2,False
MRPL.NS,2015-12-01,55.37,2016-03-01,47.58,-14.06,3,False
GALLANTT.NS,2016-01-01,35.42,2016-02-01,27.09,-23.51,1,False
INDIACEM.NS,2016-01-01,93.1,2016-03-01,64.39,-30.84,2,False
TARIL.NS,2016-01-01,13.48,2016-03-01,9.98,-26.03,2,False
TORNTPOWER.NS,2016-02-01,185.14,2016-06-01,148.7,-19.68,4,False
BANKBARODA.NS,2016-03-01,114.54,2017-07-01,139.72,21.98,16,False
POONAWALLA.NS,2016-03-01,81.61,2016-04-01,71.22,-12.73,1,False
ACE.NS,2016-04-01,36.68,2020-02-01,84.49,130.35,46,False
BALRAMCHIN.NS,2016-04-01,94.41,2018-06-01,66.33,-29.74,26,False
BHARTIARTL.NS,2016-04-01,295.24,2016-10-01,265.77,-9.98,6,False
EIDPARRY.NS,2016-04-01,197.59,2019-02-01,192.22,-2.72,34,False
ESCORTS.NS,2016-04-01,130.28,2026-09-01,3050.0,2241.11,125,False
EXIDEIND.NS,2016-04-01,125.17,2019-08-01,171.82,37.27,40,False
GRAPHITE.NS,2016-04-01,54.91,2016-09-01,57.57,4.86,5,False
INDIACEM.NS,2016-04-01,82.07,2018-11-01,88.38,7.7,31,False
MPHASIS.NS,2016-04-01,376.57,2024-05-01,2163.5,474.52,97,False
MRPL.NS,2016-04-01,55.62,2019-03-01,61.83,11.16,35,False
NCC.NS,2016-04-01,65.47,2019-08-01,66.34,1.33,40,False
NHPC.NS,2016-04-01,14.44,2016-05-01,12.55,-13.08,1,False
SUNTV.NS,2016-04-01,293.43,2019-07-01,408.19,39.11,39,False
TARIL.NS,2016-04-01,11.73,2018-07-01,9.73,-17.07,27,False
COROMANDEL.NS,2016-05-01,196.26,2026-09-01,1758.2,795.84,124,True
ELECON.NS,2016-05-01,29.35,2016-12-01,25.37,-13.56,7,False
GALLANTT.NS,2016-05-01,29.15,2019-07-01,37.55,28.81,38,False
M&MFIN.NS,2016-05-01,157.4,2020-01-01,177.15,12.55,44,False
POONAWALLA.NS,2016-05-01,87.09,2017-02-01,95.18,9.29,9,False
CGPOWER.NS,2016-06-01,65.44,2017-01-01,59.52,-9.06,7,False
CHAMBLFERT.NS,2016-06-01,51.79,2016-08-01,50.93,-1.67,2,False
GAIL.NS,2016-06-01,47.25,2020-01-01,59.58,26.08,43,False
NESTLEIND.NS,2016-06-01,269.67,2026-09-01,1310.0,385.78,123,True
NHPC.NS,2016-06-01,14.08,2019-08-01,15.83,12.41,38,False
NTPC.NS,2016-07-01,88.78,2019-12-01,89.25,0.52,41,False
PCBL.NS,2016-07-01,12.18,2020-03-01,44.89,268.49,44,False
SOBHA.NS,2016-07-01,299.77,2016-09-01,264.2,-11.86,2,False
INDIANB.NS,2016-08-01,130.52,2019-08-01,160.96,23.32,36,False
OLECTRA.NS,2016-08-01,23.0,2020-03-01,119.27,418.44,43,False
PFC.NS,2016-08-01,49.19,2018-04-01,42.15,-14.3,20,False
TATACONSUM.NS,2016-08-01,128.91,2016-09-01,126.43,-1.92,1,False
UBL.NS,2016-08-01,786.97,2017-04-01,735.86,-6.5,8,False
CHAMBLFERT.NS,2016-09-01,53.37,2016-10-01,47.29,-11.38,1,False
LINDEINDIA.NS,2016-09-01,371.54,2017-01-01,338.2,-8.97,4,False
RECLTD.NS,2016-09-01,42.8,2018-10-01,40.18,-6.12,25,False
SBIN.NS,2016-09-01,226.32,2017-10-01,230.08,1.67,13,False
HSCL.NS,2016-10-01,39.12,2017-01-01,32.73,-16.33,3,False
NAVA.NS,2016-10-01,56.86,2016-12-01,53.15,-6.53,2,False
RADICO.NS,2016-11-01,138.29,2016-12-01,116.49,-15.77,1,False
SARDAEN.NS,2016-11-01,25.22,2017-01-01,19.83,-21.37,2,False
ENGINERSIN.NS,2016-12-01,107.62,2019-03-01,85.25,-20.78,27,False
HINDALCO.NS,2016-12-01,166.1,2017-01-01,146.42,-11.85,1,False
ITI.NS,2016-12-01,34.1,2019-09-01,68.75,101.61,33,False
TATASTEEL.NS,2016-12-01,30.75,2017-01-01,28.99,-5.73,1,False
VEDL.NS,2016-12-01,78.02,2017-01-01,72.47,-7.12,1,False
CHAMBLFERT.NS,2017-01-01,57.98,2020-04-01,93.34,60.99,39,False
ELECON.NS,2017-01-01,27.48,2017-04-01,26.21,-4.64,3,False
KIRLOSENG.NS,2017-01-01,272.26,2018-10-01,174.44,-35.93,21,False
NATIONALUM.NS,2017-01-01,36.89,2019-08-01,31.28,-15.21,31,False
BHARTIARTL.NS,2017-02-01,292.85,2018-10-01,291.41,-0.49,20,False
EIHOTEL.NS,2017-02-01,93.85,2020-04-01,65.51,-30.2,38,False
GRAPHITE.NS,2017-02-01,75.73,2020-02-01,263.23,247.58,36,False
HINDALCO.NS,2017-02-01,179.34,2020-02-01,179.24,-0.06,36,False
HSCL.NS,2017-02-01,41.28,2019-12-01,67.56,63.66,34,False
NMDC.NS,2017-02-01,20.1,2017-06-01,16.15,-19.64,4,False
SARDAEN.NS,2017-02-01,21.05,2019-08-01,16.08,-23.63,30,False
TATASTEEL.NS,2017-02-01,34.19,2019-09-01,28.36,-17.07,31,False
TORNTPOWER.NS,2017-02-01,155.86,2026-09-01,1245.9,699.39,115,True
VEDL.NS,2017-02-01,85.34,2019-08-01,64.05,-24.95,30,False
CGPOWER.NS,2017-03-01,68.26,2018-07-01,55.32,-18.96,16,False
DIVISLAB.NS,2017-03-01,709.58,2017-04-01,584.49,-17.63,1,False
KIRLOSBROS.NS,2017-03-01,229.75,2018-11-01,189.89,-17.35,20,False
RADICO.NS,2017-03-01,126.78,2017-05-01,119.35,-5.86,2,False
TECHM.NS,2017-03-01,352.33,2017-04-01,329.31,-6.53,1,False
UNITDSPR.NS,2017-03-01,455.72,2017-04-01,401.31,-11.94,1,False
WIPRO.NS,2017-03-01,82.56,2017-05-01,83.61,1.28,2,False
FACT.NS,2017-04-01,41.71,2019-03-01,32.24,-22.7,23,False
LINDEINDIA.NS,2017-04-01,386.69,2017-10-01,363.54,-5.99,6,False
NAVA.NS,2017-04-01,53.57,2019-03-01,44.06,-17.76,23,False
NLCINDIA.NS,2017-04-01,72.28,2018-10-01,47.39,-34.43,18,False
POONAWALLA.NS,2017-04-01,103.13,2019-08-01,79.11,-23.29,28,False
TATACONSUM.NS,2017-04-01,135.81,2026-09-01,949.5,599.14,113,True
THANGAMAYL.NS,2017-04-01,103.66,2020-02-01,170.16,64.15,34,False
THERMAX.NS,2017-04-01,929.0,2017-07-01,879.73,-5.3,3,False
ELECON.NS,2017-05-01,29.17,2017-09-01,23.59,-19.12,4,False
HEGAM.NS,2017-05-01,52.21,2020-03-01,166.02,217.97,34,False
PRESTIGE.NS,2017-05-01,227.46,2018-11-01,191.37,-15.87,18,False
CENTRALBK.NS,2017-06-01,99.52,2017-07-01,85.2,-14.38,1,False
CGCL.NS,2017-06-01,56.78,2024-02-01,237.33,317.96,80,False
GMDCLTD.NS,2017-06-01,101.51,2018-04-01,97.8,-3.66,10,False
ICICIBANK.NS,2017-06-01,281.86,2026-09-01,1321.7,368.93,111,True
JSL.NS,2017-06-01,70.75,2018-12-01,36.96,-47.75,18,False
TMPV.NS,2017-06-01,464.66,2017-07-01,420.38,-9.53,1,False
WIPRO.NS,2017-06-01,90.58,2017-07-01,87.97,-2.89,1,False
DLF.NS,2017-07-01,174.69,2017-09-01,170.55,-2.37,2,False
PERSISTENT.NS,2017-07-01,312.49,2017-08-01,295.64,-5.39,1,False
RADICO.NS,2017-07-01,119.35,2026-09-01,4366.0,3558.11,110,True
SCI.NS,2017-07-01,79.22,2018-04-01,59.69,-24.65,9,False
BANKBARODA.NS,2017-08-01,143.2,2017-09-01,119.36,-16.64,1,False
BATAINDIA.NS,2017-08-01,522.89,2024-02-01,1396.23,167.02,78,False
CANBK.NS,2017-08-01,62.6,2017-09-01,58.06,-7.25,1,False
HFCL.NS,2017-08-01,17.86,2019-12-01,17.02,-4.74,28,False
NMDC.NS,2017-08-01,18.62,2017-10-01,17.3,-7.1,2,False
WELCORP.NS,2017-08-01,111.36,2020-04-01,56.95,-48.86,32,False
WIPRO.NS,2017-08-01,97.78,2018-06-01,89.26,-8.72,10,False
GRAVITA.NS,2017-09-01,115.15,2018-10-01,82.1,-28.7,13,False
DIVISLAB.NS,2017-10-01,805.72,2017-11-01,833.26,3.42,1,False
OIL.NS,2017-10-01,99.31,2018-08-01,92.28,-7.08,10,False
PERSISTENT.NS,2017-10-01,304.22,2017-11-01,299.29,-1.62,1,False
BANKBARODA.NS,2017-11-01,148.48,2018-01-01,138.26,-6.88,2,False
BSOFT.NS,2017-11-01,81.04,2019-07-01,77.79,-4.02,20,False
CANBK.NS,2017-11-01,69.4,2018-03-01,49.1,-29.26,4,False
CIPLA.NS,2017-11-01,587.02,2017-12-01,564.83,-3.78,1,False
DLF.NS,2017-11-01,187.6,2018-10-01,148.38,-20.91,11,False
ELECON.NS,2017-11-01,36.65,2018-07-01,28.17,-23.15,8,False
GPIL.NS,2017-11-01,35.55,2020-03-01,42.12,18.45,28,False
INFY.NS,2017-11-01,363.76,2026-03-01,1263.66,247.39,100,False
JINDALSAW.NS,2017-11-01,53.86,2018-07-01,34.86,-35.28,8,False
JSWENERGY.NS,2017-11-01,79.82,2018-03-01,75.02,-6.01,4,False
JUBLFOOD.NS,2017-11-01,159.7,2023-05-01,442.38,177.01,66,False
LINDEINDIA.NS,2017-11-01,423.43,2026-08-01,6770.5,1498.96,105,False
NMDC.NS,2017-11-01,18.84,2018-12-01,14.86,-21.14,13,False
PNB.NS,2017-11-01,182.13,2018-03-01,90.79,-50.15,4,False
SBIN.NS,2017-11-01,280.43,2020-04-01,175.84,-37.3,29,False
SOBHA.NS,2017-11-01,474.91,2020-03-01,286.18,-39.74,28,False
THERMAX.NS,2017-11-01,946.69,2020-03-01,909.23,-3.96,28,False
UBL.NS,2017-11-01,980.33,2020-04-01,898.79,-8.32,29,False
ARE&M.NS,2017-12-01,731.94,2018-02-01,735.99,0.55,2,False
DIVISLAB.NS,2017-12-01,983.82,2023-11-01,3350.13,240.52,71,False
TATAPOWER.NS,2017-12-01,84.51,2018-04-01,70.39,-16.71,4,False
UNITDSPR.NS,2017-12-01,642.87,2018-02-01,640.52,-0.37,2,False
ANANTRAJ.NS,2018-01-01,29.16,2018-03-01,22.46,-22.96,2,False
CIPLA.NS,2018-01-01,568.1,2018-02-01,553.06,-2.65,1,False
CUMMINSIND.NS,2018-01-01,769.53,2018-03-01,681.29,-11.47,2,False
FORTIS.NS,2018-01-01,158.78,2018-02-01,135.5,-14.66,1,False
IFCI.NS,2018-01-01,30.65,2018-02-01,28.7,-6.36,1,False
PERSISTENT.NS,2018-01-01,327.02,2018-11-01,261.71,-19.97,10,False
SAIL.NS,2018-01-01,76.37,2018-04-01,59.14,-22.57,3,False
TECHM.NS,2018-02-01,451.84,2026-09-01,1524.0,237.29,103,True
ARE&M.NS,2018-03-01,747.49,2018-04-01,723.3,-3.24,1,False
COALINDIA.NS,2018-03-01,158.01,2018-04-01,144.06,-8.83,1,False
FORTIS.NS,2018-03-01,157.84,2018-04-01,125.03,-20.79,1,False
CASTROLIND.NS,2018-04-01,137.49,2018-05-01,130.24,-5.27,1,False
ARE&M.NS,2018-05-01,783.42,2018-06-01,713.93,-8.87,1,False
AUROPHARMA.NS,2018-05-01,614.57,2018-06-01,532.43,-13.36,1,False
CIEINDIA.NS,2018-05-01,235.86,2019-08-01,165.34,-29.9,15,False
CIPLA.NS,2018-05-01,567.54,2018-06-01,492.37,-13.24,1,False
ECLERX.NS,2018-05-01,441.73,2018-09-01,355.21,-19.59,4,False
GESHIP.NS,2018-05-01,274.76,2018-06-01,245.66,-10.59,1,False
GMDCLTD.NS,2018-05-01,106.86,2018-06-01,91.57,-14.31,1,False
IPCALAB.NS,2018-05-01,364.74,2018-06-01,325.29,-10.82,1,False
JSWENERGY.NS,2018-05-01,78.93,2018-07-01,61.1,-22.6,2,False
SAIL.NS,2018-05-01,64.04,2018-10-01,56.21,-12.23,5,False
SCI.NS,2018-05-01,68.67,2018-06-01,59.69,-13.08,1,False
SIEMENS.NS,2018-05-01,626.23,2018-06-01,583.27,-6.86,1,False
TATAPOWER.NS,2018-05-01,78.68,2018-07-01,66.78,-15.12,2,False
UNITDSPR.NS,2018-05-01,703.93,2018-08-01,572.33,-18.7,3,False
COALINDIA.NS,2018-06-01,148.96,2018-07-01,133.79,-10.19,1,False
TRITURBINE.NS,2018-06-01,104.87,2018-10-01,96.78,-7.72,4,False
CIPLA.NS,2018-07-01,579.31,2018-12-01,508.89,-12.16,5,False
IPCALAB.NS,2018-07-01,339.12,2023-03-01,802.65,136.69,56,False
USHAMART.NS,2018-07-01,27.38,2018-08-01,25.76,-5.92,1,False
AMBUJACEM.NS,2018-08-01,202.67,2018-10-01,196.93,-2.83,2,False
CGPOWER.NS,2018-08-01,63.47,2018-10-01,44.55,-29.81,2,False
GLAXO.NS,2018-08-01,1294.59,2018-10-01,1195.87,-7.63,2,False
AJANTPHARM.NS,2018-09-01,773.97,2018-10-01,640.59,-17.23,1,False
ARE&M.NS,2018-09-01,771.88,2018-10-01,673.72,-12.72,1,False
AUROPHARMA.NS,2018-09-01,684.45,2019-06-01,632.89,-7.53,9,False
BOSCHLTD.NS,2018-09-01,20016.24,2018-11-01,18618.95,-6.98,2,False
COALINDIA.NS,2018-09-01,146.17,2018-10-01,135.36,-7.39,1,False
GRANULES.NS,2018-09-01,112.55,2018-10-01,91.59,-18.63,1,False
OIL.NS,2018-09-01,94.67,2018-11-01,87.19,-7.91,2,False
UNITDSPR.NS,2018-09-01,618.44,2018-10-01,499.4,-19.25,1,False
USHAMART.NS,2018-09-01,28.72,2019-10-01,25.81,-10.13,13,False
WIPRO.NS,2018-09-01,111.0,2020-04-01,89.18,-19.66,19,False
ADANIENT.NS,2018-11-01,168.86,2019-02-01,135.2,-19.94,3,False
ADANIPOWER.NS,2018-11-01,9.16,2020-04-01,5.55,-39.41,17,False
BALRAMCHIN.NS,2018-11-01,98.54,2020-04-01,104.08,5.62,17,False
KARURVYSYA.NS,2018-11-01,60.28,2019-03-01,52.76,-12.48,4,False
NLCINDIA.NS,2018-11-01,57.24,2019-02-01,45.38,-20.72,3,False
PFC.NS,2018-11-01,47.55,2018-12-01,42.57,-10.47,1,False
RECLTD.NS,2018-11-01,47.6,2018-12-01,41.19,-13.46,1,False
ACC.NS,2018-12-01,1389.48,2019-02-01,1314.58,-5.39,2,False
BPCL.NS,2018-12-01,97.59,2019-08-01,110.63,13.36,8,False
DLF.NS,2018-12-01,167.04,2019-02-01,153.93,-7.85,2,False
JINDALSAW.NS,2018-12-01,35.91,2019-08-01,30.1,-16.17,8,False
LICHSGFIN.NS,2018-12-01,401.58,2019-02-01,387.85,-3.42,2,False
PRESTIGE.NS,2018-12-01,218.98,2019-02-01,197.7,-9.72,2,False
TRITURBINE.NS,2018-12-01,109.55,2019-01-01,104.83,-4.31,1,False
UNITDSPR.NS,2018-12-01,655.89,2019-06-01,537.49,-18.05,6,False
CEMPRO.NS,2019-01-01,109.78,2019-03-01,102.83,-6.33,2,False
ELECON.NS,2019-01-01,34.1,2019-03-01,27.99,-17.9,2,False
PFC.NS,2019-01-01,52.9,2019-08-01,54.04,2.15,7,False
RECLTD.NS,2019-01-01,49.45,2019-10-01,54.39,9.99,9,False
APOLLOHOSP.NS,2019-02-01,1291.78,2019-03-01,1115.73,-13.63,1,False
KAJARIACER.NS,2019-02-01,503.97,2019-08-01,441.25,-12.44,6,False
ASHOKLEY.NS,2019-03-01,37.45,2019-08-01,31.17,-16.77,5,False
CANFINHOME.NS,2019-03-01,251.28,2019-09-01,389.56,55.03,6,False
NMDC.NS,2019-03-01,16.75,2019-09-01,13.67,-18.4,6,False
PFOCUS.NS,2019-03-01,66.05,2019-04-01,65.75,-0.45,1,False
SHRIRAMFIN.NS,2019-03-01,198.81,2019-08-01,169.47,-14.76,5,False
YESBANK.NS,2019-03-01,231.72,2019-05-01,165.73,-28.48,2,False
ZEEL.NS,2019-03-01,427.18,2019-04-01,406.78,-4.78,1,False
ACC.NS,2019-04-01,1567.65,2020-01-01,1361.04,-13.18,9,False
AMBUJACEM.NS,2019-04-01,210.78,2019-05-01,196.11,-6.96,1,False
CEMPRO.NS,2019-04-01,129.21,2019-05-01,120.03,-7.11,1,False
DLF.NS,2019-04-01,189.44,2020-04-01,128.96,-31.93,12,False
ENGINERSIN.NS,2019-04-01,93.62,2019-05-01,88.51,-5.47,1,False
FACT.NS,2019-04-01,36.58,2019-08-01,37.63,2.86,4,False
GODFRYPHLP.NS,2019-04-01,335.78,2019-06-01,269.83,-19.64,2,False
JKCEMENT.NS,2019-04-01,836.91,2026-09-01,5076.0,506.52,89,True
LICHSGFIN.NS,2019-04-01,459.12,2019-05-01,426.25,-7.16,1,False
NLCINDIA.NS,2019-04-01,52.38,2019-05-01,49.15,-6.15,1,False
PRESTIGE.NS,2019-04-01,247.37,2020-04-01,167.87,-32.14,12,False
REDINGTON.NS,2019-04-01,39.1,2019-09-01,42.82,9.51,5,False
SIEMENS.NS,2019-04-01,638.99,2019-08-01,643.51,0.71,4,False
SJVN.NS,2019-04-01,17.16,2019-05-01,17.01,-0.82,1,False
BHARTIARTL.NS,2019-05-01,302.37,2026-09-01,1757.0,481.07,88,True
AMBUJACEM.NS,2019-06-01,207.13,2019-07-01,190.73,-7.92,1,False
ENGINERSIN.NS,2019-06-01,96.48,2019-07-01,96.56,0.08,1,False
LICHSGFIN.NS,2019-06-01,480.01,2019-08-01,450.33,-6.18,2,False
TIMKEN.NS,2019-06-01,637.22,2025-03-01,2477.78,288.84,69,False
APOLLOHOSP.NS,2019-07-01,1333.86,2020-04-01,1118.21,-16.17,9,False
UNITDSPR.NS,2019-07-01,570.34,2020-04-01,475.16,-16.69,9,False
OFSS.NS,2019-08-01,2383.03,2019-09-01,2165.85,-9.11,1,False
MARUTI.NS,2019-09-01,5759.07,2020-03-01,6019.76,4.53,6,False
SIEMENS.NS,2019-09-01,678.64,2020-04-01,634.44,-6.51,7,False
ABREL.NS,2019-10-01,885.39,2019-11-01,412.6,-53.4,1,False
BBOX.NS,2019-10-01,22.14,2023-04-01,95.31,330.47,42,False
BPCL.NS,2019-10-01,159.69,2020-04-01,105.52,-33.92,6,False
CYIENT.NS,2019-10-01,401.61,2019-11-01,348.31,-13.27,1,False
EXIDEIND.NS,2019-10-01,182.53,2020-01-01,176.21,-3.46,3,False
FEDERALBNK.NS,2019-10-01,86.69,2019-11-01,80.11,-7.58,1,False
IOC.NS,2019-10-01,62.65,2019-11-01,58.97,-5.87,1,False
ITI.NS,2019-10-01,82.75,2019-12-01,93.5,12.99,2,False
JINDALSAW.NS,2019-10-01,38.22,2020-01-01,32.93,-13.82,3,False
KSB.NS,2019-10-01,131.14,2019-12-01,126.71,-3.38,2,False
POLYMED.NS,2019-10-01,220.82,2019-11-01,203.15,-8.0,1,False
REDINGTON.NS,2019-10-01,46.91,2019-12-01,46.45,-0.97,2,False
SHRIRAMFIN.NS,2019-10-01,188.0,2020-02-01,180.38,-4.05,4,False
STLTECH.NS,2019-10-01,152.6,2019-11-01,125.24,-17.93,1,False
TATACOMM.NS,2019-10-01,350.46,2019-11-01,328.3,-6.33,1,False
TRIDENT.NS,2019-10-01,5.14,2019-11-01,5.46,6.18,1,False
ADANIENT.NS,2019-11-01,197.03,2020-04-01,138.55,-29.68,5,False
GLAXO.NS,2019-11-01,1383.57,2020-03-01,1091.06,-21.14,4,False
GODFRYPHLP.NS,2019-11-01,321.52,2020-04-01,284.14,-11.63,5,False
GRANULES.NS,2019-11-01,122.04,2020-01-01,120.48,-1.28,2,False
KPRMILL.NS,2019-11-01,125.61,2020-03-01,114.06,-9.19,4,False
MCX.NS,2019-11-01,213.39,2026-09-01,3300.4,1446.65,82,True
NMDC.NS,2019-11-01,18.51,2019-12-01,16.81,-9.19,1,False
RECLTD.NS,2019-11-01,61.62,2020-03-01,57.42,-6.82,4,False
TATAELXSI.NS,2019-11-01,753.81,2020-04-01,585.73,-22.3,5,False
TVSMOTOR.NS,2019-11-01,467.24,2020-01-01,452.97,-3.05,2,False
USHAMART.NS,2019-11-01,26.81,2020-01-01,25.81,-3.74,2,False
FEDERALBNK.NS,2019-12-01,84.69,2020-01-01,84.07,-0.73,1,False
PERSISTENT.NS,2019-12-01,320.73,2020-04-01,262.6,-18.12,4,False
TATACOMM.NS,2019-12-01,408.37,2020-03-01,339.33,-16.91,3,False
NMDC.NS,2020-01-01,21.21,2020-03-01,16.33,-23.03,2,False
SCHAEFFLER.NS,2020-01-01,875.87,2020-03-01,821.66,-6.19,2,False
CANFINHOME.NS,2020-02-01,455.64,2020-04-01,259.61,-43.02,2,False
CYIENT.NS,2020-02-01,415.4,2020-03-01,378.87,-8.79,1,False
DRREDDY.NS,2020-02-01,595.98,2020-03-01,566.61,-4.93,1,False
EXIDEIND.NS,2020-02-01,185.73,2020-03-01,158.19,-14.83,1,False
FACT.NS,2020-02-01,47.79,2020-03-01,33.39,-30.14,1,False
GRANULES.NS,2020-02-01,142.77,2023-06-01,278.14,94.81,40,False
JINDALSAW.NS,2020-02-01,40.37,2020-03-01,34.75,-13.92,1,False
KSB.NS,2020-02-01,139.72,2020-03-01,126.33,-9.58,1,False
M&MFIN.NS,2020-02-01,202.78,2020-03-01,191.93,-5.35,1,False
NHPC.NS,2020-02-01,19.07,2020-03-01,16.41,-13.93,1,False
POLYMED.NS,2020-02-01,273.99,2026-04-01,1207.43,340.69,74,False
BSOFT.NS,2020-03-01,83.2,2020-04-01,56.64,-31.92,1,False
MFSL.NS,2020-03-01,589.0,2020-04-01,380.0,-35.48,1,False
SHRIRAMFIN.NS,2020-03-01,215.18,2020-04-01,113.32,-47.34,1,False
THANGAMAYL.NS,2020-03-01,223.55,2020-04-01,113.99,-49.01,1,False
DRREDDY.NS,2020-04-01,597.03,2026-09-01,1233.0,106.52,77,True
AJANTPHARM.NS,2020-05-01,922.94,2020-07-01,881.85,-4.45,2,False
APOLLOHOSP.NS,2020-05-01,1372.52,2026-09-01,8165.5,494.93,76,True
BALKRISIND.NS,2020-05-01,887.91,2026-04-01,2164.97,143.83,71,False
BPCL.NS,2020-05-01,125.14,2020-06-01,116.45,-6.95,1,False
CHAMBLFERT.NS,2020-05-01,112.24,2026-09-01,409.25,264.62,76,True
CIPLA.NS,2020-05-01,562.62,2026-09-01,1346.0,139.24,76,True
CUB.NS,2020-05-01,103.53,2020-07-01,87.07,-15.9,2,False
GLAXO.NS,2020-05-01,1202.88,2020-06-01,1157.69,-3.76,1,False
GODREJPROP.NS,2020-05-01,674.34,2023-04-01,1039.58,54.16,35,False
HCLTECH.NS,2020-05-01,425.41,2026-05-01,1186.98,179.02,72,False
KEI.NS,2020-05-01,287.22,2020-06-01,281.78,-1.89,1,False
MARICO.NS,2020-05-01,263.78,2026-09-01,786.0,197.98,76,True
MRF.NS,2020-05-01,59797.41,2020-06-01,58798.68,-1.67,1,False
RHIM.NS,2020-05-01,141.59,2020-11-01,181.5,28.19,6,False
TATACHEM.NS,2020-05-01,250.49,2025-03-01,756.81,202.13,58,False
TATACOMM.NS,2020-05-01,396.04,2026-04-01,1364.79,244.61,71,False
TATAINVEST.NS,2020-05-01,66.27,2020-06-01,66.0,-0.42,1,False
UNOMINDA.NS,2020-05-01,146.6,2020-07-01,134.99,-7.92,2,False
VOLTAS.NS,2020-05-01,488.12,2020-06-01,488.7,0.12,1,False
AUROPHARMA.NS,2020-06-01,718.98,2021-12-01,647.46,-9.95,18,False
BAJAJ-AUTO.NS,2020-06-01,2354.2,2026-09-01,10874.0,361.9,75,True
GODREJCP.NS,2020-06-01,603.39,2020-11-01,631.5,4.66,5,False
PAGEIND.NS,2020-06-01,17678.34,2020-09-01,17655.14,-0.13,3,False
ULTRACEMCO.NS,2020-06-01,3711.81,2020-07-01,3707.31,-0.12,1,False
WIPRO.NS,2020-06-01,98.21,2023-10-01,187.77,91.2,40,False
ZFCVINDIA.NS,2020-06-01,1151.9,2020-10-01,964.46,-16.27,4,False
BAJAJHLDNG.NS,2020-07-01,2338.62,2020-10-01,2203.93,-5.76,3,False
BALRAMCHIN.NS,2020-07-01,128.8,2026-09-01,662.85,414.63,74,True
BPCL.NS,2020-07-01,127.51,2020-10-01,121.08,-5.04,3,False
FACT.NS,2020-07-01,49.84,2020-08-01,46.8,-6.1,1,False
GLAXO.NS,2020-07-01,1273.9,2023-02-01,1161.28,-8.84,31,False
GODFRYPHLP.NS,2020-07-01,299.16,2020-08-01,273.76,-8.49,1,False
KEI.NS,2020-07-01,345.05,2020-11-01,340.01,-1.46,4,False
MFSL.NS,2020-07-01,537.9,2023-05-01,639.75,18.93,34,False
MRF.NS,2020-07-01,66012.6,2020-08-01,60280.98,-8.68,1,False
PHOENIXLTD.NS,2020-07-01,292.06,2026-09-01,1935.0,562.53,74,True
POWERGRID.NS,2020-07-01,70.84,2020-10-01,68.22,-3.7,3,False
SOLARINDS.NS,2020-07-01,972.02,2020-11-01,991.58,2.01,4,False
SUNDARMFIN.NS,2020-07-01,1377.34,2020-08-01,1218.92,-11.5,1,False
SUPREMEIND.NS,2020-07-01,1072.64,2026-01-01,3343.36,211.7,66,False
TATAINVEST.NS,2020-07-01,69.58,2026-09-01,620.05,791.08,74,True
UBL.NS,2020-07-01,1002.96,2020-08-01,932.68,-7.01,1,False
VOLTAS.NS,2020-07-01,529.16,2023-07-01,755.61,42.79,36,False
ADANIENT.NS,2020-08-01,174.75,2025-02-01,2294.84,1213.23,54,False
AJANTPHARM.NS,2020-08-01,1036.38,2026-09-01,3620.8,249.37,73,True
APLAPOLLO.NS,2020-08-01,180.38,2026-09-01,2190.1,1114.13,73,True
BSOFT.NS,2020-08-01,110.7,2025-10-01,347.23,213.68,62,False
FSL.NS,2020-08-01,42.59,2026-09-01,255.8,500.64,73,True
ITI.NS,2020-08-01,127.0,2022-03-01,94.3,-25.75,19,False
PERSISTENT.NS,2020-08-01,436.59,2026-09-01,5279.0,1109.14,73,True
TATAELXSI.NS,2020-08-01,881.36,2024-12-01,6479.93,635.22,52,False
ULTRACEMCO.NS,2020-08-01,3946.64,2020-09-01,3742.59,-5.17,1,False
UPL.NS,2020-08-01,455.37,2020-12-01,395.15,-13.22,4,False
ADANIPORTS.NS,2020-09-01,345.09,2020-10-01,333.98,-3.22,1,False
BRIGADE.NS,2020-09-01,125.47,2026-04-01,503.01,300.91,67,False
JINDALSTEL.NS,2020-09-01,201.78,2020-10-01,183.92,-8.85,1,False
JSWSTEEL.NS,2020-09-01,253.94,2026-09-01,1253.4,393.58,72,True
KEC.NS,2020-09-01,305.07,2026-04-01,520.78,70.71,67,False
PVRINOX.NS,2020-09-01,1321.55,2020-10-01,1334.5,0.98,1,False
SIEMENS.NS,2020-09-01,665.16,2026-09-01,3725.6,460.1,72,True
SUNDARMFIN.NS,2020-09-01,1528.25,2020-10-01,1250.79,-18.16,1,False
UNOMINDA.NS,2020-09-01,166.75,2020-11-01,159.15,-4.56,2,False
USHAMART.NS,2020-09-01,26.72,2020-10-01,24.81,-7.14,1,False
AEGISLOG.NS,2020-10-01,216.04,2020-11-01,194.58,-9.93,1,False
NATCOPHARM.NS,2020-10-01,933.34,2022-06-01,670.41,-28.17,20,False
NEULANDLAB.NS,2020-10-01,1162.12,2022-04-01,1026.54,-11.67,18,False
RAMCOCEM.NS,2020-10-01,751.11,2022-07-01,625.27,-16.75,21,False
ULTRACEMCO.NS,2020-10-01,3898.01,2026-09-01,10956.0,181.07,71,True
ACC.NS,2020-11-01,1564.47,2025-01-01,2031.94,29.88,50,False
ADANIPORTS.NS,2020-11-01,347.99,2026-09-01,1798.3,416.77,70,True
AMBUJACEM.NS,2020-11-01,249.3,2026-04-01,412.96,65.65,65,False
CANFINHOME.NS,2020-11-01,433.66,2026-09-01,719.2,65.84,70,True
CHOLAFIN.NS,2020-11-01,267.34,2026-09-01,1620.0,505.96,70,True
CRISIL.NS,2020-11-01,1912.84,2026-06-01,3940.81,106.02,67,False
KPRMILL.NS,2020-11-01,146.94,2026-09-01,1103.3,650.86,70,True
MRF.NS,2020-11-01,64833.46,2026-09-01,125280.0,93.23,70,True
POWERGRID.NS,2020-11-01,71.45,2026-09-01,260.5,264.6,70,True
TRIDENT.NS,2020-11-01,6.67,2024-04-01,35.55,432.89,41,False
WELSPUNLIV.NS,2020-11-01,68.61,2022-06-01,65.26,-4.88,19,False
ZYDUSLIFE.NS,2020-11-01,402.79,2022-03-01,349.33,-13.27,16,False
AEGISLOG.NS,2020-12-01,243.92,2021-11-01,200.61,-17.76,11,False
ANANTRAJ.NS,2020-12-01,26.8,2026-09-01,598.9,2134.8,69,True
ARE&M.NS,2020-12-01,888.71,2021-05-01,741.16,-16.6,5,False
AXISBANK.NS,2020-12-01,607.99,2021-12-01,661.63,8.82,12,False
BAJAJHLDNG.NS,2020-12-01,2816.38,2026-09-01,10788.0,283.04,69,True
BLUESTARCO.NS,2020-12-01,391.66,2026-09-01,1518.0,287.58,69,True
CARBORUNIV.NS,2020-12-01,338.96,2025-09-01,910.4,168.59,57,False
CUB.NS,2020-12-01,134.12,2021-03-01,119.67,-10.78,3,False
EIDPARRY.NS,2020-12-01,330.16,2026-09-01,685.9,107.75,69,True
FACT.NS,2020-12-01,54.72,2026-09-01,757.95,1285.16,69,True
GMRAIRPORT.NS,2020-12-01,24.33,2026-09-01,95.15,291.16,69,True
GPIL.NS,2020-12-01,102.98,2024-02-01,150.06,45.73,38,False
HINDALCO.NS,2020-12-01,221.58,2026-09-01,941.8,325.03,69,True
HINDZINC.NS,2020-12-01,151.59,2026-09-01,566.0,273.38,69,True
INDIACEM.NS,2020-12-01,157.48,2026-09-01,301.85,91.68,69,True
JINDALSTEL.NS,2020-12-01,242.14,2026-09-01,1134.9,368.7,69,True
KAJARIACER.NS,2020-12-01,614.1,2025-02-01,988.92,61.03,50,False
KEI.NS,2020-12-01,442.93,2026-09-01,4455.0,905.79,69,True
OBEROIRLTY.NS,2020-12-01,454.16,2026-09-01,1765.7,288.79,69,True
PFC.NS,2020-12-01,58.32,2026-09-01,325.5,458.11,69,True
PRESTIGE.NS,2020-12-01,266.72,2026-09-01,1481.9,455.61,69,True
PVRINOX.NS,2020-12-01,1314.0,2021-04-01,1226.15,-6.69,4,False
RECLTD.NS,2020-12-01,60.75,2026-09-01,318.4,424.08,69,False
REDINGTON.NS,2020-12-01,54.8,2026-09-01,407.0,642.7,69,True
RHIM.NS,2020-12-01,211.11,2025-01-01,499.0,136.37,49,False
SOLARINDS.NS,2020-12-01,1047.69,2026-09-01,19700.0,1780.33,69,True
SUNDARMFIN.NS,2020-12-01,1688.28,2026-09-01,4355.0,157.95,69,True
TATASTEEL.NS,2020-12-01,49.93,2026-09-01,184.3,269.09,69,True
THANGAMAYL.NS,2020-12-01,214.16,2026-09-01,5062.0,2263.6,69,True
UNOMINDA.NS,2020-12-01,190.73,2026-09-01,1170.0,513.44,69,True
ACE.NS,2021-01-01,135.31,2021-02-01,127.06,-6.1,1,False
ADANIPOWER.NS,2021-01-01,9.96,2026-09-01,204.0,1948.19,68,True
BPCL.NS,2021-01-01,128.89,2026-09-01,303.2,135.23,68,True
CAPLIPOINT.NS,2021-01-01,493.06,2021-02-01,450.78,-8.57,1,False
DLF.NS,2021-01-01,222.01,2026-04-01,513.5,131.29,63,False
ELGIEQUIP.NS,2021-01-01,150.44,2026-02-01,434.52,188.84,61,False
GODREJCP.NS,2021-01-01,704.84,2021-03-01,655.44,-7.01,2,False
HEROMOTOCO.NS,2021-01-01,2533.61,2021-04-01,2447.32,-3.41,3,False
HFCL.NS,2021-01-01,25.67,2025-11-01,73.73,187.19,58,False
JWL.NS,2021-01-01,19.66,2021-03-01,20.3,3.28,2,False
LT.NS,2021-01-01,1205.72,2026-09-01,3760.0,211.85,68,True
MARUTI.NS,2021-01-01,7262.94,2021-02-01,6894.01,-5.08,1,False
NMDC.NS,2021-01-01,20.19,2026-09-01,76.54,279.03,68,True
PAGEIND.NS,2021-01-01,25820.7,2025-12-01,37823.22,46.48,59,False
SCI.NS,2021-01-01,82.14,2026-09-01,270.5,229.32,68,True
TATAPOWER.NS,2021-01-01,72.56,2026-09-01,359.0,394.75,68,True
UBL.NS,2021-01-01,1151.28,2026-02-01,1440.75,25.14,61,False
UPL.NS,2021-01-01,442.1,2023-11-01,520.83,17.81,34,False
USHAMART.NS,2021-01-01,35.21,2021-02-01,28.43,-19.24,1,False
WELCORP.NS,2021-01-01,120.37,2021-02-01,109.1,-9.36,1,False
ABB.NS,2021-02-01,1336.88,2026-09-01,6776.0,406.85,67,True
BEL.NS,2021-02-01,40.07,2026-09-01,388.3,869.05,67,True
CEATLTD.NS,2021-02-01,1401.08,2021-12-01,1128.3,-19.47,10,False
EICHERMOT.NS,2021-02-01,2620.16,2021-03-01,2380.5,-9.15,1,False
GRASIM.NS,2021-02-01,1026.35,2026-09-01,3061.9,198.33,67,True
JBMA.NS,2021-02-01,75.0,2026-04-01,539.25,619.05,62,False
JSL.NS,2021-02-01,78.63,2021-03-01,70.26,-10.65,1,False
NHPC.NS,2021-02-01,20.44,2026-09-01,72.81,256.29,67,True
PCBL.NS,2021-02-01,79.51,2026-09-01,331.1,316.41,67,True
SHRIRAMFIN.NS,2021-02-01,232.88,2026-09-01,982.7,321.97,67,True
SOBHA.NS,2021-02-01,454.52,2021-03-01,431.21,-5.13,1,False
TTML.NS,2021-02-01,18.0,2024-03-01,87.65,386.94,37,False
ACE.NS,2021-03-01,160.13,2026-06-01,888.37,454.77,63,False
ASHOKLEY.NS,2021-03-01,58.74,2021-04-01,51.8,-11.82,1,False
BHARATFORG.NS,2021-03-01,596.14,2021-04-01,580.94,-2.55,1,False
CHOLAHLDNG.NS,2021-03-01,597.03,2026-09-01,1386.2,132.18,66,True
CONCOR.NS,2021-03-01,524.96,2025-03-01,490.03,-6.65,48,False
CYIENT.NS,2021-03-01,582.77,2025-12-01,1130.0,93.9,57,False
HINDCOPPER.NS,2021-03-01,152.0,2026-09-01,472.65,210.95,66,True
KPIL.NS,2021-03-01,363.67,2021-12-01,368.67,1.37,9,False
M&M.NS,2021-03-01,775.09,2021-05-01,703.25,-9.27,2,False
MOTHERSON.NS,2021-03-01,57.02,2026-09-01,163.26,186.31,66,True
NATIONALUM.NS,2021-03-01,47.56,2021-04-01,42.8,-10.02,1,False
OLECTRA.NS,2021-03-01,183.34,2021-06-01,177.15,-3.38,3,False
PGEL.NS,2021-03-01,31.68,2026-09-01,493.45,1457.57,66,True
SAIL.NS,2021-03-01,65.98,2026-09-01,181.49,175.08,66,True
SARDAEN.NS,2021-03-01,37.01,2026-09-01,497.3,1243.83,66,True
SBIN.NS,2021-03-01,358.11,2026-09-01,959.5,167.93,66,True
SCHAEFFLER.NS,2021-03-01,991.63,2026-09-01,3897.1,293.0,66,True
SJVN.NS,2021-03-01,21.97,2026-04-01,64.91,195.41,61,False
THERMAX.NS,2021-03-01,1332.94,2026-09-01,3392.2,154.49,66,True
TVSMOTOR.NS,2021-03-01,596.33,2021-09-01,517.14,-13.28,6,False
VEDL.NS,2021-03-01,100.32,2026-08-01,267.9,167.03,65,False
VTL.NS,2021-03-01,223.34,2021-05-01,217.13,-2.78,2,False
WELCORP.NS,2021-03-01,119.55,2021-09-01,111.58,-6.67,6,False
ZENSARTECH.NS,2021-03-01,271.55,2026-07-01,425.3,56.62,64,False
ASAHIINDIA.NS,2021-04-01,300.28,2021-05-01,289.12,-3.72,1,False
BEML.NS,2021-04-01,513.22,2021-05-01,472.72,-7.89,1,False
CGPOWER.NS,2021-04-01,67.32,2026-09-01,854.2,1168.84,65,True
CUMMINSIND.NS,2021-04-01,857.41,2021-05-01,767.47,-10.49,1,False
EICHERMOT.NS,2021-04-01,2463.34,2021-05-01,2247.94,-8.74,1,False
EMAMILTD.NS,2021-04-01,440.61,2023-04-01,341.49,-22.5,24,False
FORTIS.NS,2021-04-01,199.53,2026-09-01,770.0,285.91,65,True
GODREJIND.NS,2021-04-01,542.0,2021-05-01,510.0,-5.9,1,False
JSWENERGY.NS,2021-04-01,85.64,2026-09-01,494.7,477.64,65,True
KSB.NS,2021-04-01,172.32,2026-09-01,856.1,396.82,65,True
TECHNOE.NS,2021-04-01,291.67,2021-09-01,278.56,-4.49,5,False
USHAMART.NS,2021-04-01,31.73,2026-09-01,498.65,1471.75,65,True
ASHOKLEY.NS,2021-05-01,49.3,2026-09-01,154.19,212.73,64,True
BHARATFORG.NS,2021-05-01,579.74,2026-09-01,1926.0,232.22,64,True
CAPLIPOINT.NS,2021-05-01,481.51,2026-09-01,2716.4,464.14,64,True
CCL.NS,2021-05-01,256.47,2026-09-01,1019.5,297.51,64,True
ELECON.NS,2021-05-01,45.26,2026-09-01,411.75,809.7,64,False
GALLANTT.NS,2021-05-01,53.52,2026-09-01,537.5,904.29,64,True
GRAPHITE.NS,2021-05-01,656.63,2021-11-01,490.92,-25.24,6,False
JSL.NS,2021-05-01,87.83,2026-09-01,747.4,750.92,64,True
LTFOODS.NS,2021-05-01,69.72,2026-09-01,400.4,474.26,64,True
NATIONALUM.NS,2021-05-01,50.3,2026-09-01,340.95,577.88,64,True
SOBHA.NS,2021-05-01,476.82,2026-09-01,1266.5,165.62,64,False
ZFCVINDIA.NS,2021-05-01,1114.05,2026-09-01,2341.0,110.13,64,True
ASAHIINDIA.NS,2021-06-01,309.38,2026-09-01,958.85,209.93,63,True
AVANTIFEED.NS,2021-06-01,557.14,2022-03-01,448.51,-19.5,9,False
BEML.NS,2021-06-01,537.02,2026-09-01,1992.4,271.01,63,True
CUB.NS,2021-06-01,123.94,2021-07-01,120.42,-2.84,1,False
DEEPAKFERT.NS,2021-06-01,279.75,2026-09-01,1351.0,382.93,63,True
EICHERMOT.NS,2021-06-01,2462.59,2026-09-01,7150.0,190.34,63,True
GAIL.NS,2021-06-01,86.31,2021-07-01,80.99,-6.16,1,False
GESHIP.NS,2021-06-01,336.3,2021-12-01,250.96,-25.38,6,False
GODREJCP.NS,2021-06-01,815.98,2026-07-01,1011.41,23.95,61,False
HEROMOTOCO.NS,2021-06-01,2503.33,2021-08-01,2327.55,-7.02,2,False
HINDPETRO.NS,2021-06-01,141.8,2022-06-01,125.78,-11.3,12,False
INDHOTEL.NS,2021-06-01,134.52,2026-09-01,728.65,441.66,63,True
JINDALSAW.NS,2021-06-01,51.74,2022-01-01,46.72,-9.71,7,False
JKTYRE.NS,2021-06-01,124.29,2022-03-01,100.64,-19.03,9,False
KIRLOSBROS.NS,2021-06-01,391.59,2026-09-01,1774.9,353.26,63,True
M&M.NS,2021-06-01,767.54,2021-07-01,742.76,-3.23,1,False
MMTC.NS,2021-06-01,60.6,2021-12-01,39.6,-34.65,6,False
OFSS.NS,2021-06-01,2779.91,2026-09-01,10630.0,282.39,63,True
POONAWALLA.NS,2021-06-01,141.36,2026-04-01,373.0,163.87,58,False
RKFORGE.NS,2021-06-01,126.96,2026-04-01,484.22,281.4,58,False
UNITDSPR.NS,2021-06-01,598.56,2026-09-01,1354.0,126.21,63,True
VTL.NS,2021-06-01,247.72,2026-09-01,534.6,115.81,63,True
CESC.NS,2021-07-01,60.47,2026-09-01,133.85,121.34,62,True
CUMMINSIND.NS,2021-07-01,834.77,2026-09-01,4760.0,470.22,62,True
ECLERX.NS,2021-07-01,660.25,2026-09-01,1819.9,175.64,62,True
FINCABLES.NS,2021-07-01,503.35,2021-09-01,446.17,-11.36,2,False
GODREJIND.NS,2021-07-01,573.6,2021-08-01,551.5,-3.85,1,False
GRAVITA.NS,2021-07-01,126.12,2026-09-01,1447.4,1047.68,62,True
HBLENGINE.NS,2021-07-01,48.38,2026-09-01,794.5,1542.25,62,True
JWL.NS,2021-07-01,32.22,2026-04-01,250.22,676.69,57,False
NTPC.NS,2021-07-01,96.31,2026-09-01,322.75,235.12,62,True
OLECTRA.NS,2021-07-01,228.55,2026-04-01,1008.39,341.21,57,False
TARIL.NS,2021-07-01,16.05,2021-09-01,13.93,-13.22,2,False
APARINDS.NS,2021-08-01,630.09,2026-09-01,17384.0,2658.96,61,True
APOLLOTYRE.NS,2021-08-01,211.13,2022-03-01,173.43,-17.86,7,False
CIEINDIA.NS,2021-08-01,256.25,2021-09-01,225.61,-11.95,1,False
GODFRYPHLP.NS,2021-08-01,313.08,2022-04-01,310.53,-0.82,8,False
IIFL.NS,2021-08-01,293.21,2025-03-01,302.66,3.22,43,False
MOTILALOFS.NS,2021-08-01,915.43,2021-09-01,795.56,-13.09,1,False
NAVA.NS,2021-08-01,57.79,2021-09-01,50.14,-13.23,1,False
STLTECH.NS,2021-08-01,290.15,2021-09-01,257.51,-11.25,1,False
SUNPHARMA.NS,2021-08-01,747.17,2026-09-01,1816.6,143.13,61,True
SWANCORP.NS,2021-08-01,149.09,2021-09-01,136.63,-8.36,1,False
GABRIEL.NS,2021-09-01,138.35,2021-12-01,128.12,-7.39,3,False
GODREJIND.NS,2021-09-01,561.1,2022-04-01,466.35,-16.89,7,False
M&M.NS,2021-09-01,757.37,2026-09-01,2950.0,289.51,60,True
OIL.NS,2021-09-01,95.81,2026-09-01,448.65,368.25,60,True
TDPOWERSYS.NS,2021-09-01,27.96,2026-09-01,786.05,2711.6,60,True
TRITURBINE.NS,2021-09-01,125.82,2026-09-01,539.4,328.72,60,True
CIEINDIA.NS,2021-10-01,222.64,2022-02-01,202.96,-8.84,4,False
FINCABLES.NS,2021-10-01,470.26,2021-11-01,449.15,-4.49,1,False
GAIL.NS,2021-10-01,86.1,2021-12-01,72.66,-15.61,2,False
HEROMOTOCO.NS,2021-10-01,2375.52,2021-11-01,2247.64,-5.38,1,False
INDUSTOWER.NS,2021-10-01,283.36,2021-11-01,249.65,-11.9,1,False
IOC.NS,2021-10-01,62.16,2021-12-01,61.39,-1.23,2,False
IRB.NS,2021-10-01,9.91,2026-04-01,22.09,122.84,54,False
MARUTI.NS,2021-10-01,6894.8,2026-09-01,11967.0,73.57,59,True
NAVA.NS,2021-10-01,56.2,2021-12-01,51.41,-8.52,2,False
ONGC.NS,2021-10-01,107.48,2026-09-01,225.8,110.08,59,True
PVRINOX.NS,2021-10-01,1580.0,2021-12-01,1371.6,-13.19,2,False
STLTECH.NS,2021-10-01,281.24,2022-02-01,203.97,-27.47,4,False
TVSMOTOR.NS,2021-10-01,538.55,2026-09-01,4106.0,662.42,59,True
WELCORP.NS,2021-10-01,135.88,2026-09-01,2717.0,1899.57,59,True
ZENTEC.NS,2021-10-01,204.24,2026-09-01,1605.2,685.95,59,True
FEDERALBNK.NS,2021-11-01,94.11,2021-12-01,84.03,-10.71,1,False
MINDACORP.NS,2021-11-01,157.27,2026-09-01,692.85,340.55,58,True
MOTILALOFS.NS,2021-11-01,896.46,2022-02-01,869.98,-2.95,3,False
TARIL.NS,2021-11-01,14.33,2021-12-01,13.78,-3.81,1,False
TMPV.NS,2021-11-01,473.92,2025-11-01,410.59,-13.36,48,False
AEGISLOG.NS,2021-12-01,218.91,2022-02-01,193.04,-11.82,2,False
FINCABLES.NS,2021-12-01,548.96,2022-03-01,396.94,-27.69,3,False
ABREL.NS,2022-01-01,897.22,2022-02-01,861.66,-3.96,1,False
AUROPHARMA.NS,2022-01-01,719.72,2022-03-01,611.04,-15.1,2,False
JPPOWER.NS,2022-01-01,6.35,2026-09-01,15.13,138.27,56,True
MMTC.NS,2022-01-01,44.9,2022-10-01,34.65,-22.83,9,False
TARIL.NS,2022-01-01,17.7,2026-09-01,270.1,1426.11,56,True
AXISBANK.NS,2022-02-01,774.27,2026-09-01,1226.0,58.34,55,True
FEDERALBNK.NS,2022-02-01,97.09,2026-09-01,317.4,226.91,55,True
GAIL.NS,2022-02-01,80.36,2026-09-01,170.55,112.24,55,True
GESHIP.NS,2022-02-01,266.78,2026-09-01,1560.0,484.74,55,True
GMDCLTD.NS,2022-02-01,101.6,2026-09-01,507.7,399.73,55,True
IOC.NS,2022-02-01,66.85,2022-10-01,55.36,-17.2,8,False
JINDALSAW.NS,2022-02-01,47.52,2022-03-01,40.86,-14.01,1,False
NAVA.NS,2022-02-01,61.27,2026-09-01,559.35,812.96,55,True
PVRINOX.NS,2022-02-01,1597.7,2023-07-01,1383.0,-13.44,17,False
SWANCORP.NS,2022-02-01,168.62,2026-04-01,307.85,82.56,50,False
TITAGARH.NS,2022-02-01,113.1,2022-03-01,85.69,-24.23,1,False
AUROPHARMA.NS,2022-04-01,658.53,2022-06-01,528.46,-19.75,2,False
COALINDIA.NS,2022-04-01,132.3,2026-09-01,425.0,221.24,53,True
ITC.NS,2022-04-01,201.58,2026-02-01,315.99,56.76,46,False
ITI.NS,2022-04-01,95.6,2022-06-01,93.25,-2.46,2,False
JKTYRE.NS,2022-04-01,112.51,2022-07-01,97.92,-12.97,3,False
PFOCUS.NS,2022-04-01,91.3,2022-05-01,80.5,-11.83,1,False
AEGISLOG.NS,2022-05-01,205.64,2026-09-01,1380.1,571.13,52,True
APOLLOTYRE.NS,2022-05-01,189.86,2026-06-01,392.9,106.95,49,False
CHENNPETRO.NS,2022-05-01,242.46,2022-10-01,199.63,-17.66,5,False
CIEINDIA.NS,2022-05-01,209.36,2026-08-01,409.45,95.57,51,False
GODFRYPHLP.NS,2022-05-01,373.07,2026-09-01,1891.8,407.09,52,True
GODREJIND.NS,2022-05-01,492.8,2022-06-01,479.8,-2.64,1,False
GRAPHITE.NS,2022-05-01,476.28,2022-06-01,405.52,-14.86,1,False
NEULANDLAB.NS,2022-05-01,1304.17,2026-09-01,21350.0,1537.06,52,True
NLCINDIA.NS,2022-05-01,73.84,2026-09-01,261.7,254.4,52,True
SCHNEIDER.NS,2022-05-01,136.5,2022-06-01,111.5,-18.32,1,False
HEROMOTOCO.NS,2022-06-01,2404.59,2023-04-01,2128.3,-11.49,10,False
KPIL.NS,2022-06-01,342.74,2026-09-01,1380.6,302.82,51,True
MRPL.NS,2022-06-01,79.07,2022-08-01,71.35,-9.76,2,False
PETRONET.NS,2022-06-01,190.57,2022-10-01,171.4,-10.06,4,False
ZYDUSLIFE.NS,2022-06-01,359.6,2022-07-01,348.42,-3.11,1,False
GABRIEL.NS,2022-07-01,124.76,2026-09-01,1341.8,975.53,50,True
ITI.NS,2022-07-01,100.65,2023-03-01,94.5,-6.11,8,False
WELSPUNLIV.NS,2022-07-01,68.61,2026-04-01,111.23,62.12,45,False
ABREL.NS,2022-08-01,838.41,2022-10-01,803.76,-4.13,2,False
BOSCHLTD.NS,2022-08-01,16234.85,2022-10-01,15003.17,-7.59,2,False
CEATLTD.NS,2022-08-01,1222.12,2026-09-01,3264.4,167.11,49,True
EIHOTEL.NS,2022-08-01,149.22,2026-05-01,317.51,112.78,45,False
JKTYRE.NS,2022-08-01,114.46,2026-09-01,347.0,203.17,49,True
RAMCOCEM.NS,2022-08-01,726.65,2023-05-01,728.97,0.32,9,False
SHREECEM.NS,2022-08-01,20279.26,2023-07-01,23889.35,17.8,11,False
TECHNOE.NS,2022-08-01,288.74,2022-09-01,280.66,-2.8,1,False
TITAGARH.NS,2022-08-01,126.45,2026-04-01,595.24,370.74,44,False
BANKBARODA.NS,2022-09-01,114.6,2026-09-01,230.55,101.18,48,True
CUB.NS,2022-09-01,129.57,2022-10-01,125.52,-3.13,1,False
FINCABLES.NS,2022-09-01,448.98,2025-12-01,750.51,67.16,39,False
GODREJIND.NS,2022-09-01,477.8,2022-10-01,438.0,-8.33,1,False
HINDPETRO.NS,2022-09-01,140.63,2022-10-01,125.55,-10.72,1,False
IGL.NS,2022-09-01,189.8,2023-11-01,181.79,-4.22,14,False
M&MFIN.NS,2022-09-01,187.27,2022-10-01,170.75,-8.82,1,False
SCHNEIDER.NS,2022-09-01,136.0,2026-09-01,1203.4,784.85,48,True
ZYDUSLIFE.NS,2022-09-01,372.04,2026-09-01,1162.0,212.33,48,True
IDFCFIRSTB.NS,2022-10-01,49.54,2026-04-01,60.66,22.45,42,False
INDUSINDBK.NS,2022-10-01,1150.56,2023-02-01,1068.52,-7.13,4,False
KARURVYSYA.NS,2022-10-01,64.81,2026-09-01,324.8,401.15,47,True
KIRLOSENG.NS,2022-10-01,234.51,2026-09-01,2304.2,882.57,47,True
ABREL.NS,2022-11-01,848.11,2022-12-01,802.72,-5.35,1,False
BHEL.NS,2022-11-01,73.25,2026-09-01,415.5,467.23,46,True
BOSCHLTD.NS,2022-11-01,15583.56,2026-09-01,47100.0,202.24,46,True
CANBK.NS,2022-11-01,51.1,2026-09-01,119.44,133.76,46,True
CUB.NS,2022-11-01,135.15,2023-02-01,115.75,-14.35,3,False
INDIANB.NS,2022-11-01,230.9,2026-09-01,805.9,249.03,46,True
M&MFIN.NS,2022-11-01,186.4,2026-09-01,324.85,74.28,46,True
NCC.NS,2022-11-01,71.6,2026-04-01,132.95,85.69,41,False
PETRONET.NS,2022-11-01,182.28,2023-11-01,186.27,2.19,12,False
IOB.NS,2022-12-01,22.25,2026-04-01,32.45,45.84,40,False
IOC.NS,2022-12-01,63.38,2026-09-01,134.93,112.88,45,True
MAHABANK.NS,2022-12-01,23.43,2026-09-01,79.37,238.8,45,True
MMTC.NS,2022-12-01,42.05,2023-01-01,38.05,-9.51,1,False
PFOCUS.NS,2022-12-01,96.3,2023-01-01,74.9,-22.22,1,False
TECHNOE.NS,2022-12-01,306.05,2026-09-01,1008.75,229.6,45,True
JINDALSAW.NS,2023-01-01,50.02,2026-09-01,277.7,455.17,44,True
UCOBANK.NS,2023-01-01,30.71,2023-03-01,25.11,-18.24,2,False
MGL.NS,2023-02-01,813.54,2026-04-01,922.55,13.4,38,False
GLAXO.NS,2023-03-01,1236.93,2023-05-01,1149.21,-7.09,2,False
PFOCUS.NS,2023-03-01,76.85,2026-09-01,316.0,311.19,42,True
AARTIIND.NS,2023-05-01,557.01,2023-06-01,508.42,-8.72,1,False
BBOX.NS,2023-05-01,136.86,2023-06-01,139.35,1.82,1,False
BERGEPAINT.NS,2023-05-01,495.98,2024-02-01,554.02,11.7,9,False
CHENNPETRO.NS,2023-05-01,255.86,2026-09-01,1436.3,461.37,40,True
EMAMILTD.NS,2023-05-01,354.69,2024-04-01,415.49,17.14,11,False
GLENMARK.NS,2023-05-01,559.07,2026-09-01,2334.7,317.6,40,True
GODREJPROP.NS,2023-05-01,1308.92,2026-02-01,1572.4,20.13,33,False
HEROMOTOCO.NS,2023-05-01,2283.22,2026-09-01,5241.0,129.54,40,True
HINDPETRO.NS,2023-05-01,145.1,2023-09-01,144.09,-0.7,4,False
IDBI.NS,2023-05-01,51.72,2026-04-01,63.1,22.0,35,False
INDUSINDBK.NS,2023-05-01,1125.95,2024-11-01,1059.73,-5.88,18,False
UCOBANK.NS,2023-05-01,29.07,2023-06-01,25.4,-12.62,1,False
CEMPRO.NS,2023-06-01,163.04,2026-09-01,1192.2,631.21,39,True
ENGINERSIN.NS,2023-06-01,104.51,2026-09-01,309.6,196.24,39,True
EXIDEIND.NS,2023-06-01,207.14,2026-09-01,412.6,99.19,39,True
GODREJIND.NS,2023-06-01,479.8,2026-09-01,1039.4,116.63,39,True
HONAUT.NS,2023-06-01,39857.04,2023-11-01,35965.96,-9.76,5,False
HSCL.NS,2023-06-01,128.07,2026-09-01,677.8,429.23,39,True
INOXWIND.NS,2023-06-01,35.24,2026-04-01,78.08,121.58,34,False
JUBLFOOD.NS,2023-06-01,482.56,2023-10-01,529.57,9.74,4,False
MFSL.NS,2023-06-01,706.65,2026-09-01,1373.4,94.35,39,True
NAUKRI.NS,2023-06-01,806.31,2023-11-01,808.02,0.21,5,False
RAMCOCEM.NS,2023-06-01,895.57,2024-03-01,835.28,-6.73,9,False
SHRIPISTON.NS,2023-06-01,775.42,2026-09-01,4653.7,500.15,39,True
SUZLON.NS,2023-06-01,11.85,2026-09-01,39.49,233.25,39,True
ABREL.NS,2023-07-01,863.24,2026-07-01,1323.6,53.33,36,False
GLAXO.NS,2023-07-01,1343.91,2026-09-01,2769.3,106.06,38,True
LTF.NS,2023-07-01,124.95,2026-09-01,265.0,112.08,38,True
UCOBANK.NS,2023-07-01,26.65,2025-12-01,30.5,14.44,29,False
AUROPHARMA.NS,2023-08-01,820.57,2026-09-01,1672.0,103.76,37,True
BBOX.NS,2023-08-01,200.79,2023-10-01,184.14,-8.29,2,False
CASTROLIND.NS,2023-08-01,123.96,2026-09-01,200.52,61.76,37,True
GRANULES.NS,2023-08-01,320.79,2023-09-01,297.77,-7.18,1,False
ITI.NS,2023-08-01,112.5,2026-09-01,246.4,119.02,37,True
MRPL.NS,2023-08-01,79.93,2026-06-01,146.0,82.65,34,False
PVRINOX.NS,2023-08-01,1559.0,2024-03-01,1378.95,-11.55,7,False
GVT&D.NS,2023-09-01,321.03,2026-09-01,4201.0,1208.59,36,True
J&KBANK.NS,2023-09-01,86.61,2026-09-01,138.65,60.08,36,True
LUPIN.NS,2023-09-01,1076.62,2026-09-01,2030.2,88.57,36,True
MANAPPURAM.NS,2023-09-01,148.16,2023-10-01,143.29,-3.29,1,False
MMTC.NS,2023-09-01,42.0,2026-04-01,52.1,24.05,31,False
NATCOPHARM.NS,2023-09-01,905.03,2023-11-01,799.15,-11.7,2,False
SUNTV.NS,2023-09-01,576.54,2026-06-01,500.82,-13.13,33,False
VOLTAS.NS,2023-09-01,863.28,2023-11-01,827.22,-4.18,2,False
GILLETTE.NS,2023-10-01,5732.57,2026-09-01,7000.0,22.11,35,True
GRANULES.NS,2023-10-01,352.0,2026-09-01,846.55,140.5,35,True
HINDPETRO.NS,2023-10-01,147.24,2023-11-01,144.09,-2.14,1,False
IFCI.NS,2023-10-01,24.4,2026-09-01,68.77,181.84,35,True
IPCALAB.NS,2023-10-01,926.76,2023-11-01,984.35,6.21,1,False
LICHSGFIN.NS,2023-10-01,441.43,2026-09-01,538.4,21.97,35,False
SHREECEM.NS,2023-10-01,25138.11,2024-03-01,25404.42,1.06,5,False
UNIONBANK.NS,2023-10-01,97.3,2023-11-01,93.36,-4.05,1,False
BBOX.NS,2023-11-01,243.28,2026-09-01,804.8,230.81,34,True
MOTILALOFS.NS,2023-11-01,1024.3,2024-02-01,449.82,-56.09,3,False
DIVISLAB.NS,2023-12-01,3743.27,2024-02-01,3641.79,-2.71,2,False
HINDPETRO.NS,2023-12-01,201.04,2026-09-01,350.35,74.27,33,True
IPCALAB.NS,2023-12-01,1124.32,2026-09-01,1927.0,71.39,33,True
MANAPPURAM.NS,2023-12-01,158.76,2026-09-01,315.85,98.95,33,True
NBCC.NS,2023-12-01,50.15,2026-09-01,78.5,56.53,33,True
PETRONET.NS,2023-12-01,189.97,2026-09-01,284.5,49.76,33,True
PNBHOUSING.NS,2023-12-01,773.98,2024-03-01,691.06,-10.71,3,False
UNIONBANK.NS,2023-12-01,99.31,2026-09-01,171.0,72.19,33,True
ARE&M.NS,2024-01-01,799.8,2026-04-01,698.32,-12.69,27,False
GRAPHITE.NS,2024-01-01,523.44,2025-02-01,462.01,-11.74,13,False
NAUKRI.NS,2024-01-01,1021.87,2024-02-01,1026.81,0.48,1,False
BANKINDIA.NS,2024-02-01,127.68,2026-09-01,130.24,2.0,31,True
CENTRALBK.NS,2024-02-01,55.81,2026-04-01,32.07,-42.52,26,False
VOLTAS.NS,2024-02-01,1077.61,2026-09-01,1070.0,-0.71,31,True
BERGEPAINT.NS,2024-03-01,577.29,2024-04-01,558.38,-3.28,1,False
ICICIPRULI.NS,2024-03-01,535.87,2026-04-01,515.11,-3.87,25,False
INDUSTOWER.NS,2024-03-01,243.63,2026-09-01,373.2,53.18,30,True
NATCOPHARM.NS,2024-03-01,987.47,2025-03-01,771.0,-21.92,12,False
NAUKRI.NS,2024-03-01,1044.11,2026-07-01,975.0,-6.62,28,False
WIPRO.NS,2024-03-01,242.08,2024-04-01,224.15,-7.41,1,False
WOCKPHARMA.NS,2024-03-01,605.0,2024-06-01,545.0,-9.92,3,False
DMART.NS,2024-04-01,4570.0,2024-11-01,3949.95,-13.57,7,False
HONAUT.NS,2024-04-01,38710.38,2025-03-01,33611.87,-13.17,11,False
KOTAKBANK.NS,2024-04-01,357.58,2024-05-01,323.5,-9.53,1,False
SHREECEM.NS,2024-04-01,25563.68,2024-05-01,24174.05,-5.44,1,False
DIVISLAB.NS,2024-05-01,3943.69,2026-09-01,9291.5,135.6,28,True
EMAMILTD.NS,2024-05-01,468.29,2026-04-01,400.0,-14.58,23,False
HEGAM.NS,2024-05-01,463.26,2024-06-01,459.75,-0.76,1,False
IGL.NS,2024-05-01,221.27,2024-12-01,159.1,-28.09,7,False
NAVINFLUOR.NS,2024-05-01,3395.21,2024-11-01,3366.49,-0.85,6,False
PNB.NS,2024-05-01,131.65,2026-09-01,113.06,-14.12,28,True
PNBHOUSING.NS,2024-05-01,785.63,2026-09-01,1120.0,42.56,28,True
TRIDENT.NS,2024-05-01,37.97,2024-06-01,36.81,-3.05,1,False
CROMPTON.NS,2024-06-01,389.93,2025-02-01,336.47,-13.71,8,False
DABUR.NS,2024-06-01,539.35,2024-12-01,508.0,-5.81,6,False
HINDUNILVR.NS,2024-06-01,2287.69,2025-03-01,2137.4,-6.57,9,False
PATANJALI.NS,2024-06-01,477.6,2026-07-01,408.32,-14.51,25,False
AVANTIFEED.NS,2024-07-01,587.23,2026-09-01,717.8,22.23,26,True
HDFCLIFE.NS,2024-07-01,586.43,2026-04-01,597.87,1.95,21,False
KOTAKBANK.NS,2024-07-01,359.46,2024-08-01,360.38,0.26,1,False
LTM.NS,2024-07-01,5215.8,2025-03-01,4547.03,-12.82,8,False
SHREECEM.NS,2024-07-01,27738.52,2026-04-01,23429.1,-15.54,21,False
WOCKPHARMA.NS,2024-07-01,750.0,2026-09-01,2116.3,182.17,26,True
JMFINANCIL.NS,2024-08-01,100.52,2026-09-01,129.02,28.36,25,True
LALPATHLAB.NS,2024-08-01,1525.58,2025-03-01,1138.63,-25.36,7,False
MPHASIS.NS,2024-08-01,2773.35,2025-03-01,2157.87,-22.19,7,False
PRIVISCL.NS,2024-08-01,1592.64,2025-03-01,1462.87,-8.15,7,False
PVRINOX.NS,2024-08-01,1500.0,2024-11-01,1585.0,5.67,3,False
RPOWER.NS,2024-08-01,33.39,2026-04-01,21.65,-35.16,20,False
WHIRLPOOL.NS,2024-08-01,2119.11,2024-11-01,1966.61,-7.2,3,False
WIPRO.NS,2024-08-01,242.36,2026-03-01,192.8,-20.45,19,False
ZYDUSWELL.NS,2024-08-01,478.99,2025-03-01,310.71,-35.13,7,False
BERGEPAINT.NS,2024-09-01,566.0,2024-11-01,531.39,-6.11,2,False
IEX.NS,2024-09-01,197.16,2024-11-01,171.44,-13.04,2,False
JUBLFOOD.NS,2024-09-01,651.01,2024-11-01,582.13,-10.58,2,False
RAMCOCEM.NS,2024-09-01,828.21,2026-09-01,845.55,2.09,24,True
HEGAM.NS,2024-10-01,492.25,2024-11-01,430.77,-12.49,1,False
KOTAKBANK.NS,2024-10-01,368.34,2024-11-01,346.92,-5.81,1,False
CUB.NS,2024-11-01,130.14,2025-01-01,126.61,-2.71,2,False
LAURUSLABS.NS,2024-11-01,491.63,2026-09-01,1980.0,302.74,22,True
MOTILALOFS.NS,2024-11-01,933.13,2025-02-01,638.84,-31.54,3,False
BIOCON.NS,2024-12-01,374.05,2025-03-01,303.23,-18.93,3,False
JUBLFOOD.NS,2024-12-01,641.6,2026-01-01,557.02,-13.18,13,False
HEGAM.NS,2025-01-01,509.15,2025-02-01,391.39,-23.13,1,False
IGL.NS,2025-01-01,200.52,2025-03-01,181.38,-9.55,2,False
KOTAKBANK.NS,2025-01-01,354.83,2026-04-01,363.17,2.35,15,False
NIACL.NS,2025-01-01,198.55,2025-03-01,139.81,-29.58,2,False
AUBANK.NS,2025-02-01,603.67,2025-03-01,564.21,-6.54,1,False
NAVINFLUOR.NS,2025-02-01,4105.75,2025-03-01,3736.12,-9.0,1,False
DEEPAKNTR.NS,2025-04-01,1957.52,2025-05-01,1918.86,-1.98,1,False
DMART.NS,2025-04-01,4109.75,2025-06-01,3990.0,-2.91,2,False
HEGAM.NS,2025-04-01,480.26,2026-09-01,237.65,-50.52,17,True
IEX.NS,2025-04-01,169.08,2025-08-01,131.75,-22.08,4,False
IGL.NS,2025-04-01,193.82,2025-05-01,185.71,-4.18,1,False
MPHASIS.NS,2025-04-01,2293.46,2026-04-01,2054.91,-10.4,12,False
NATCOPHARM.NS,2025-04-01,792.84,2026-09-01,841.5,6.14,17,False
NAVINFLUOR.NS,2025-04-01,4188.44,2026-09-01,8245.0,96.85,17,True
NIACL.NS,2025-04-01,150.38,2026-02-01,148.78,-1.06,10,False
PRIVISCL.NS,2025-04-01,1715.59,2026-09-01,3586.6,109.06,17,True
TIMKEN.NS,2025-04-01,2719.63,2025-05-01,2425.42,-10.82,1,False
AUBANK.NS,2025-05-01,677.11,2026-09-01,1010.3,49.21,16,True
BERGEPAINT.NS,2025-05-01,536.52,2025-09-01,529.01,-1.4,4,False
CUB.NS,2025-05-01,129.97,2026-09-01,226.05,73.93,16,True
HINDUNILVR.NS,2025-05-01,2276.49,2025-07-01,2259.08,-0.76,2,False
LALPATHLAB.NS,2025-05-01,1365.57,2026-09-01,1987.0,45.51,16,True
UPL.NS,2025-05-01,657.46,2025-06-01,616.24,-6.27,1,False
ZYDUSWELL.NS,2025-05-01,351.29,2026-09-01,512.8,45.98,16,True
ADANIENT.NS,2025-06-01,2525.87,2025-08-01,2423.92,-4.04,2,False
DEEPAKNTR.NS,2025-06-01,2007.49,2025-07-01,1972.89,-1.72,1,False
GRAPHITE.NS,2025-06-01,529.71,2026-09-01,764.8,44.38,15,True
IGL.NS,2025-06-01,200.42,2025-08-01,197.71,-1.35,2,False
IIFL.NS,2025-06-01,432.2,2026-03-01,487.4,12.77,9,False
LTM.NS,2025-06-01,4969.6,2026-03-01,4335.79,-12.75,9,False
MOTILALOFS.NS,2025-06-01,805.45,2026-02-01,761.45,-5.46,8,False
TATACHEM.NS,2025-06-01,869.63,2025-07-01,923.75,6.22,1,False
TIMKEN.NS,2025-06-01,3085.55,2026-08-01,3145.0,1.93,14,False
BIOCON.NS,2025-07-01,355.57,2026-09-01,370.3,4.14,14,True
CROMPTON.NS,2025-07-01,350.93,2025-08-01,318.77,-9.17,1,False
DMART.NS,2025-07-01,4389.0,2025-12-01,3997.0,-8.93,5,False
HINDUNILVR.NS,2025-08-01,2504.63,2026-01-01,2298.62,-8.23,5,False
HONAUT.NS,2025-08-01,38590.89,2025-10-01,36287.4,-5.97,2,False
KAJARIACER.NS,2025-08-01,1162.68,2025-10-01,1156.2,-0.56,2,False
TATACHEM.NS,2025-08-01,967.67,2025-09-01,907.5,-6.22,1,False
UPL.NS,2025-08-01,697.2,2025-10-01,649.51,-6.84,2,False
KAJARIACER.NS,2025-11-01,1194.61,2025-12-01,1067.35,-10.65,1,False
UPL.NS,2025-11-01,713.2,2026-03-01,616.28,-13.59,4,False
BERGEPAINT.NS,2025-12-01,560.77,2026-01-01,534.96,-4.6,1,False
IDEA.NS,2025-12-01,10.0,2026-03-01,10.25,2.5,3,False
BSOFT.NS,2026-01-01,427.73,2026-02-01,411.97,-3.69,1,False
TCS.NS,2026-01-01,3154.69,2026-03-01,2543.38,-19.38,2,False
HINDUNILVR.NS,2026-02-01,2349.11,2026-04-01,2098.55,-10.67,2,False
RBLBANK.NS,2026-02-01,297.03,2026-09-01,403.35,35.79,7,True
SUPREMEIND.NS,2026-02-01,3463.51,2026-06-01,3589.0,3.62,4,False
ASTRAL.NS,2026-03-01,1588.0,2026-04-01,1619.55,1.99,1,False
ELGIEQUIP.NS,2026-03-01,514.7,2026-04-01,476.78,-7.37,1,False
FINCABLES.NS,2026-03-01,867.52,2026-04-01,788.83,-9.07,1,False
GODREJPROP.NS,2026-03-01,1657.69,2026-04-01,1509.5,-8.94,1,False
UBL.NS,2026-03-01,1558.91,2026-04-01,1568.84,0.64,1,False
DMART.NS,2026-04-01,4075.0,2026-08-01,3945.1,-3.19,4,False
ARE&M.NS,2026-05-01,869.34,2026-07-01,842.5,-3.09,2,False
BLS.NS,2026-05-01,277.7,2026-06-01,262.42,-5.5,1,False
BRIGADE.NS,2026-05-01,590.46,2026-06-01,488.14,-17.33,1,False
COLPAL.NS,2026-05-01,2071.78,2026-07-01,2005.0,-3.22,2,False
ELGIEQUIP.NS,2026-05-01,550.93,2026-09-01,608.85,10.51,4,True
FINCABLES.NS,2026-05-01,983.55,2026-08-01,983.99,0.05,3,False
FLUOROCHEM.NS,2026-05-01,3599.62,2026-09-01,4405.3,22.38,4,True
HDFCBANK.NS,2026-05-01,759.14,2026-06-01,749.0,-1.34,1,False
HFCL.NS,2026-05-01,115.92,2026-09-01,227.02,95.84,4,True
IDBI.NS,2026-05-01,75.88,2026-09-01,82.2,8.33,4,True
INOXWIND.NS,2026-05-01,100.95,2026-06-01,89.48,-11.36,1,False
JWL.NS,2026-05-01,283.73,2026-07-01,267.95,-5.56,2,False
KOTAKBANK.NS,2026-05-01,382.64,2026-09-01,417.0,8.98,4,True
LEMONTREE.NS,2026-05-01,117.59,2026-08-01,110.13,-6.34,3,False
MGL.NS,2026-05-01,1128.12,2026-06-01,1084.43,-3.87,1,False
MOTILALOFS.NS,2026-05-01,800.25,2026-09-01,994.0,24.21,4,True
POLYMED.NS,2026-05-01,1509.01,2026-09-01,1673.8,10.92,4,True
POONAWALLA.NS,2026-05-01,417.2,2026-06-01,383.95,-7.97,1,False
RKFORGE.NS,2026-05-01,598.3,2026-07-01,566.0,-5.4,2,False
RPOWER.NS,2026-05-01,28.61,2026-09-01,22.11,-22.72,4,False
STLTECH.NS,2026-05-01,294.8,2026-09-01,909.9,208.65,4,True
TATACOMM.NS,2026-05-01,1566.26,2026-09-01,1656.2,5.74,4,True
TITAGARH.NS,2026-05-01,767.48,2026-08-01,824.41,7.42,3,False
TRENT.NS,2026-05-01,2758.99,2026-08-01,3035.0,10.0,3,False
UPL.NS,2026-05-01,635.7,2026-07-01,575.0,-9.55,2,False
WELSPUNLIV.NS,2026-05-01,128.88,2026-09-01,227.33,76.39,4,True
ADANIENT.NS,2026-06-01,2949.9,2026-09-01,2903.4,-1.58,3,True
IDEA.NS,2026-06-01,14.2,2026-09-01,12.95,-8.8,3,True
TIINDIA.NS,2026-06-01,3139.19,2026-07-01,3048.24,-2.9,1,False
APOLLOTYRE.NS,2026-07-01,431.75,2026-09-01,404.7,-6.27,2,True
CARBORUNIV.NS,2026-07-01,1184.4,2026-08-01,1076.1,-9.14,1,False
CREDITACC.NS,2026-07-01,1489.0,2026-09-01,1365.9,-8.27,2,False
CRISIL.NS,2026-07-01,4122.5,2026-09-01,4450.8,7.96,2,True
HDFCBANK.NS,2026-07-01,793.5,2026-09-01,705.05,-11.15,2,False
HONAUT.NS,2026-07-01,39850.0,2026-08-01,38355.0,-3.75,1,False
IDFCFIRSTB.NS,2026-07-01,79.02,2026-09-01,81.44,3.07,2,True
IIFL.NS,2026-07-01,506.05,2026-09-01,600.75,18.71,2,True
MGL.NS,2026-07-01,1155.38,2026-08-01,1125.9,-2.55,1,False
MMTC.NS,2026-07-01,68.24,2026-08-01,62.93,-7.78,1,False
OLECTRA.NS,2026-07-01,1507.74,2026-08-01,1330.03,-11.79,1,False
PAGEIND.NS,2026-07-01,41993.15,2026-09-01,35620.0,-15.18,2,False
POONAWALLA.NS,2026-07-01,441.1,2026-09-01,443.85,0.62,2,True
ACE.NS,2026-08-01,1070.03,2026-09-01,1232.0,15.14,1,True
ARE&M.NS,2026-08-01,916.2,2026-09-01,894.0,-2.42,1,False
GODREJCP.NS,2026-08-01,1072.1,2026-09-01,901.3,-15.93,1,False
GODREJPROP.NS,2026-08-01,2125.0,2026-09-01,2023.2,-4.79,1,False
HCLTECH.NS,2026-08-01,1352.0,2026-09-01,1230.0,-9.02,1,True
MPHASIS.NS,2026-08-01,2361.0,2026-09-01,2154.4,-8.75,1,True
NAUKRI.NS,2026-08-01,1231.8,2026-09-01,1219.5,-1.0,1,True
RKFORGE.NS,2026-08-01,659.7,2026-09-01,702.3,6.46,1,True
SHREECEM.NS,2026-08-01,26150.0,2026-09-01,23605.0,-9.73,1,False
UPL.NS,2026-08-01,606.45,2026-09-01,567.65,-6.4,1,False
ZENSARTECH.NS,2026-08-01,510.15,2026-09-01,463.0,-9.24,1,False
DLF.NS,2026-09-01,672.6,2026-09-01,674.0,0.21,0,True
FINCABLES.NS,2026-09-01,1260.0,2026-09-01,1450.3,15.1,0,True
KAJARIACER.NS,2026-09-01,1244.8,2026-09-01,1235.1,-0.78,0,True
