symbol,signal_month,signal_growth_%,entry_date,entry_price,stop_loss,target_price,exit_date,exit_price,exit_reason,days_held,return_%,status
AWL,2022-03,36.26,2022-04-01,523.27,335.5,,2023-01-02,615.24,EMA,276,17.28,CLOSED
ACE,2014-06,7.21,2014-07-01,30.72,22.33,,2015-10-01,35.9,EMA,457,16.57,CLOSED
ACE,2018-07,17.23,2018-08-01,142.91,115.2,,2018-09-03,132.05,EMA,33,-7.9,CLOSED
ADANIENSOL,2021-08,76.91,2021-09-01,1659.6,885.0,,2023-01-02,2609.6,EMA,488,56.94,CLOSED
ADANIENT,2007-12,43.85,2008-01-01,75.21,48.3,,2008-02-11,48.3,SL,41,-36.07,CLOSED
ADANIENT,2009-05,59.54,2009-06-01,43.84,25.66,,2011-02-01,72.72,EMA,610,65.58,CLOSED
ADANIGREEN,2018-07,125.37,2018-08-01,62.7,22.8,,2019-02-01,36.4,EMA,184,-42.25,CLOSED
ADANIGREEN,2019-12,21.41,2020-01-01,169.35,118.55,,2020-03-13,118.15,SL,72,-30.53,CLOSED
ADANIGREEN,2020-10,16.11,2020-11-02,860.0,660.0,,2021-08-02,882.4,EMA,273,2.3,CLOSED
ADANIPOWER,2021-08,2.76,2021-09-01,20.4,14.07,,2023-02-01,43.8,EMA,518,114.41,CLOSED
ADANIPOWER,2023-04,17.35,2023-05-02,46.0,37.04,,2024-11-01,119.14,EMA,549,158.7,CLOSED
CPPLUS,2026-05,24.85,2026-06-01,3073.3,2222.89,,2026-09-30,3846.5,OPEN,121,24.86,OPEN
AEGISLOG,2005-07,64.0,2005-08-01,6.57,3.8,,2006-06-01,8.39,EMA,304,27.43,CLOSED
ANANTRAJ,2009-05,54.68,2009-06-01,47.8,25.58,,2010-03-02,44.82,EMA,274,-6.53,CLOSED
ASTRAL,2009-05,60.0,2009-06-01,4.52,2.62,,2011-02-01,11.63,EMA,610,157.12,CLOSED
ATHERENERG,2026-08,36.29,2026-09-01,1694.0,1242.0,,2026-09-30,1425.0,OPEN,29,-16.18,OPEN
AUROPHARMA,2026-08,8.66,2026-09-01,1700.0,1536.8,,2026-09-30,1672.0,OPEN,29,-1.95,OPEN
AVANTIFEED,2011-10,78.71,2011-11-01,7.3,3.56,,2013-03-01,6.36,EMA,486,-13.14,CLOSED
AVANTIFEED,2014-03,13.88,2014-04-01,30.95,23.0,,2016-01-01,128.74,EMA,640,315.64,CLOSED
AXISBANK,2026-08,5.73,2026-09-01,1274.9,1208.6,,2026-09-24,1208.6,SL,23,-5.5,CLOSED
BAJAJ-AUTO,2026-08,5.29,2026-09-01,12180.0,11456.0,,2026-09-15,11456.0,SL,14,-6.24,CLOSED
BAJAJFINSV,2009-05,66.82,2009-06-01,36.57,21.18,,2009-09-01,27.31,EMA,92,-25.61,CLOSED
BAJAJHLDNG,2026-08,2.65,2026-09-01,11413.86,10748.71,,2026-09-25,10748.71,SL,24,-6.13,CLOSED
BALKRISIND,2007-06,25.34,2007-07-02,52.27,40.34,,2008-04-01,44.14,EMA,274,-15.87,CLOSED
BHEL,2026-08,8.76,2026-09-01,437.25,400.2,,2026-09-30,415.5,OPEN,29,-5.27,OPEN
BBOX,2021-03,29.18,2021-04-01,265.06,185.54,,2021-08-30,185.54,SL,151,-30.3,CLOSED
BBOX,2023-12,13.27,2024-01-01,304.62,224.2,,2024-03-12,224.2,SL,71,-26.7,CLOSED
BOSCHLTD,2026-08,22.5,2026-09-01,49400.0,40836.27,,2026-09-30,47100.0,OPEN,29,-4.96,OPEN
BRIGADE,2009-05,95.2,2009-06-01,42.46,19.65,,2009-07-01,29.89,EMA,30,-29.9,CLOSED
CGPOWER,2020-06,42.5,2020-07-01,8.84,5.93,,2020-08-03,9.63,EMA,33,8.64,CLOSED
CGPOWER,2020-08,140.86,2020-09-01,23.21,9.58,,2025-02-01,636.33,EMA,1614,2640.8,CLOSED
CGPOWER,2026-08,6.09,2026-09-01,901.95,826.1,,2026-09-30,854.2,OPEN,29,-5.59,OPEN
CIEINDIA,2009-05,62.16,2009-06-01,69.67,38.8,,2009-07-01,48.14,EMA,30,-31.19,CLOSED
CIEINDIA,2020-04,38.18,2020-05-04,94.16,62.3,,2020-06-01,90.62,EMA,28,-4.06,CLOSED
CANFINHOME,2006-08,8.24,2006-09-01,7.25,6.34,,2007-05-03,7.99,EMA,244,9.98,CLOSED
CANFINHOME,2007-12,10.22,2008-01-01,12.37,10.18,,2008-01-22,10.11,SL,21,-18.59,CLOSED
CAPLIPOINT,2014-07,67.56,2014-08-01,71.66,43.46,,2016-03-01,179.47,EMA,578,150.15,CLOSED
CASTROLIND,2005-03,1.13,2005-04-01,21.62,21.38,,2007-08-14,11.7,SL,865,-46.16,CLOSED
CEMPRO,2007-12,25.38,2008-01-01,65.34,48.67,,2008-01-21,48.67,SL,20,-25.81,CLOSED
CEMPRO,2014-05,59.78,2014-06-02,23.77,12.41,,2018-03-01,175.93,EMA,1368,639.98,CLOSED
CEMPRO,2019-10,15.08,2019-11-01,59.07,34.25,,2019-12-02,62.69,EMA,31,5.82,CLOSED
CEMPRO,2026-04,59.56,2026-05-01,813.17,509.0,,2026-09-30,1192.2,OPEN,152,46.31,OPEN
CREDITACC,2020-04,45.84,2020-05-04,463.72,302.8,,2020-06-01,396.8,EMA,28,-14.73,CLOSED
CUPID,2023-12,32.18,2024-01-01,11.74,8.25,,2024-10-01,16.6,EMA,274,41.1,CLOSED
CYIENT,2007-11,10.18,2007-12-03,105.0,87.1,,2008-01-21,87.1,SL,49,-17.35,CLOSED
DLF,2026-08,4.82,2026-09-01,672.6,635.05,,2026-09-11,635.05,SL,10,-5.88,CLOSED
DEEPAKFERT,2022-07,19.54,2022-08-01,710.53,562.24,,2023-01-02,691.1,EMA,154,-3.03,CLOSED
DEEPAKNTR,2013-06,1.82,2013-07-01,23.19,22.21,,2013-08-02,21.83,SL,32,-6.16,CLOSED
DIVISLAB,2026-08,17.51,2026-09-01,9251.5,8105.0,,2026-09-30,9291.5,OPEN,29,0.13,OPEN
ELECON,2009-05,122.87,2009-06-01,40.38,17.24,,2010-03-02,31.32,EMA,274,-22.73,CLOSED
NYKAA,2026-08,4.84,2026-09-01,347.15,320.3,,2026-09-29,320.3,SL,28,-8.03,CLOSED
FACT,2007-12,17.25,2008-01-01,46.85,37.97,,2008-01-24,37.97,SL,23,-19.24,CLOSED
FACT,2022-12,155.81,2023-01-02,382.14,141.08,,2025-03-03,689.53,EMA,791,80.14,CLOSED
GVT&D,2023-12,18.17,2024-01-01,501.24,399.05,,2025-03-03,1314.33,EMA,427,161.92,CLOSED
GVT&D,2025-07,15.49,2025-08-01,2850.81,2255.28,,2026-09-30,4201.0,OPEN,425,47.06,OPEN
GABRIEL,2007-12,26.02,2008-01-01,12.6,8.87,,2008-01-23,8.8,SL,22,-30.44,CLOSED
GABRIEL,2009-07,39.09,2009-08-03,6.84,4.1,,2011-02-01,17.64,EMA,547,157.44,CLOSED
GODFRYPHLP,2005-11,38.98,2005-12-01,71.71,51.3,,2006-06-15,51.3,SL,196,-28.77,CLOSED
GODFRYPHLP,2006-11,34.23,2006-12-01,71.25,49.05,,2007-03-01,60.89,EMA,90,-14.85,CLOSED
GODREJIND,2006-04,20.56,2006-05-02,120.79,73.55,,2006-06-08,70.12,SL,37,-42.25,CLOSED
GODREJIND,2006-10,68.34,2006-11-01,152.7,84.32,,2008-04-01,241.16,EMA,517,57.63,CLOSED
GRAPHITE,2017-10,33.68,2017-11-01,405.24,294.91,,2019-01-01,613.04,EMA,426,50.98,CLOSED
HFCL,2007-12,71.61,2008-01-01,48.29,27.14,,2008-01-30,26.65,SL,29,-45.12,CLOSED
HFCL,2008-12,49.26,2009-01-02,13.01,6.38,,2009-02-02,7.85,EMA,31,-39.92,CLOSED
HSCL,2007-12,5.87,2008-01-01,69.08,58.33,,2008-01-23,56.6,SL,22,-18.36,CLOSED
HSCL,2018-07,9.69,2018-08-01,138.07,111.16,,2018-09-03,126.51,EMA,33,-8.67,CLOSED
HONAUT,2006-07,4.55,2006-08-01,1219.42,953.8,,2008-02-01,1797.44,EMA,549,47.1,CLOSED
IDBI,2020-06,116.18,2020-07-01,43.44,22.29,,2021-01-01,29.91,EMA,184,-31.45,CLOSED
IIFL,2021-01,29.1,2021-02-01,147.17,99.15,,2024-04-01,343.96,EMA,1155,133.41,CLOSED
JBMA,2013-07,29.93,2013-08-01,2.38,1.93,,2013-09-02,2.34,EMA,32,-1.96,CLOSED
JBMA,2014-02,54.88,2014-03-03,4.69,2.75,,2015-07-01,31.59,EMA,485,573.57,CLOSED
JMFINANCIL,2010-05,3.39,2010-06-01,26.9,18.95,,2010-07-01,24.27,EMA,30,-10.07,CLOSED
JPPOWER,2017-01,25.32,2017-02-01,5.2,3.9,,2017-04-03,5.05,EMA,61,-3.18,CLOSED
JPPOWER,2017-12,35.0,2018-01-01,9.9,6.45,,2018-02-02,6.45,SL,32,-35.15,CLOSED
JPPOWER,2019-12,34.78,2020-01-01,1.6,1.25,,2020-02-28,1.25,SL,58,-22.18,CLOSED
JPPOWER,2020-06,129.41,2020-07-01,2.0,0.9,,2023-03-01,6.6,EMA,973,229.7,CLOSED
JPPOWER,2024-01,32.97,2024-02-01,18.65,13.95,,2025-02-01,16.74,EMA,366,-10.54,CLOSED
J&KBANK,2015-08,1.35,2015-09-01,149.22,147.24,,2017-02-27,74.41,SL,545,-50.43,CLOSED
JWL,2013-12,15.68,2014-01-01,11.12,8.29,,2014-02-03,10.42,EMA,33,-6.55,CLOSED
KPRMILL,2009-05,72.58,2009-06-01,4.17,2.3,,2011-02-01,14.09,EMA,610,237.78,CLOSED
KEI,2009-05,62.82,2009-06-01,21.51,11.52,,2010-06-01,28.14,EMA,365,30.55,CLOSED
KPITTECH,2020-04,58.16,2020-05-04,51.17,33.74,,2020-06-01,49.92,EMA,28,-2.75,CLOSED
KSB,2006-07,15.84,2006-08-01,37.63,27.02,,2007-03-01,40.12,EMA,212,6.31,CLOSED
MINDACORP,2012-06,20.0,2012-07-02,4.23,3.52,,2013-11-01,22.72,EMA,487,436.74,CLOSED
MINDACORP,2014-01,5.0,2014-02-03,19.08,18.17,,2014-02-21,18.17,SL,18,-5.06,CLOSED
MINDACORP,2014-03,9.5,2014-04-01,20.73,15.48,,2014-05-02,19.64,EMA,31,-5.57,CLOSED
MINDACORP,2014-05,11.3,2014-06-02,21.01,17.45,,2015-08-03,73.03,EMA,427,247.24,CLOSED
MCX,2026-08,26.6,2026-09-01,3360.1,2559.23,,2026-09-30,3300.4,OPEN,29,-2.08,OPEN
NMDC,2008-07,20.92,2008-08-01,30.1,18.27,,2008-09-01,26.7,EMA,31,-11.59,CLOSED
NAVA,2006-04,48.98,2006-05-02,20.51,11.98,,2006-06-15,11.98,SL,44,-41.88,CLOSED
OLECTRA,2005-12,14.56,2006-01-02,14.54,9.17,,2006-03-01,12.46,EMA,58,-14.63,CLOSED
OLECTRA,2006-04,105.69,2006-05-02,31.45,13.66,,2006-07-03,16.67,EMA,62,-47.28,CLOSED
OLECTRA,2008-04,36.16,2008-05-02,53.62,31.09,,2008-08-01,38.38,EMA,91,-28.72,CLOSED
OLECTRA,2015-06,1.67,2015-07-01,15.22,14.02,,2015-08-12,14.02,SL,42,-8.17,CLOSED
OLECTRA,2017-08,131.59,2017-09-01,173.61,70.56,,2018-06-01,157.59,EMA,273,-9.53,CLOSED
OLECTRA,2021-07,35.67,2021-08-02,317.87,220.77,,2022-06-01,590.54,EMA,303,85.48,CLOSED
OFSS,2026-08,12.1,2026-09-01,12350.0,11160.0,,2026-09-21,11160.0,SL,20,-9.94,CLOSED
POLICYBZR,2026-08,17.08,2026-09-01,1845.0,1578.4,,2026-09-24,1578.4,SL,23,-14.75,CLOSED
PCBL,2009-07,75.42,2009-08-03,7.04,3.68,,2010-12-01,11.87,EMA,485,68.38,CLOSED
PGEL,2021-01,23.55,2021-02-01,17.29,13.06,,2024-03-01,183.86,EMA,1124,963.19,CLOSED
PNBHOUSING,2021-05,41.17,2021-06-01,515.74,292.31,,2022-01-03,408.38,EMA,216,-21.12,CLOSED
PTCIL,2024-01,32.77,2024-02-01,8150.0,6097.0,,2025-03-03,10298.0,EMA,396,26.06,CLOSED
PVRINOX,2007-12,25.0,2008-01-01,325.64,227.89,,2008-01-23,226.44,SL,22,-30.76,CLOSED
PATANJALI,2020-02,201.7,2020-03-02,21.03,7.3,,2021-12-01,294.64,EMA,639,1300.62,CLOSED
PETRONET,2026-08,7.07,2026-09-01,294.1,273.0,,2026-09-30,284.5,OPEN,29,-3.56,OPEN
POLYCAB,2026-08,3.72,2026-09-01,9200.0,8906.0,,2026-09-01,8906.0,SL,0,-3.5,CLOSED
POONAWALLA,2005-06,40.46,2005-07-01,23.93,15.47,,2005-10-27,15.19,SL,118,-36.84,CLOSED
PFOCUS,2007-08,5.02,2007-09-03,90.0,74.61,,2008-02-01,98.5,EMA,151,9.14,CLOSED
PFOCUS,2010-07,21.49,2010-08-02,38.4,29.8,,2011-03-01,44.85,EMA,211,16.5,CLOSED
PFOCUS,2022-01,8.9,2022-02-01,80.3,64.1,,2022-06-20,62.8,SL,139,-22.09,CLOSED
RKFORGE,2008-04,10.67,2008-05-02,39.13,32.31,,2008-06-02,33.39,EMA,31,-14.98,CLOSED
RKFORGE,2009-05,73.2,2009-06-01,11.92,6.69,,2010-12-01,22.98,EMA,548,92.56,CLOSED
RKFORGE,2014-10,10.77,2014-11-03,53.05,40.96,,2016-01-01,103.6,EMA,424,95.0,CLOSED
RPOWER,2020-04,84.0,2020-05-04,2.25,1.25,,2020-06-01,1.95,EMA,28,-13.63,CLOSED
RPOWER,2020-06,123.68,2020-07-01,4.45,1.9,,2020-08-03,3.4,EMA,33,-23.9,CLOSED
RPOWER,2021-02,28.79,2021-03-01,4.45,3.05,,2022-06-01,12.8,EMA,457,187.34,CLOSED
RPOWER,2024-07,13.52,2024-08-01,33.39,25.75,,2025-03-03,33.46,EMA,214,-0.09,CLOSED
SHRIPISTON,2016-07,165.25,2016-08-01,1029.72,388.2,,2017-01-02,572.15,EMA,154,-44.74,CLOSED
SHRIPISTON,2017-10,9.76,2017-11-01,989.05,795.89,,2018-02-01,827.99,EMA,92,-16.58,CLOSED
SHRIPISTON,2021-07,19.42,2021-08-02,509.47,422.76,,2021-08-26,422.76,SL,24,-17.32,CLOSED
SAGILITY,2025-07,13.13,2025-08-01,47.04,40.47,,2026-02-26,40.47,SL,209,-14.26,CLOSED
SCHNEIDER,2025-06,10.67,2025-07-01,857.0,679.85,,2025-12-01,718.9,EMA,153,-16.41,CLOSED
SHRIRAMFIN,2005-08,37.17,2005-09-01,15.09,9.71,,2006-07-03,15.24,EMA,305,0.65,CLOSED
SOLARINDS,2007-11,79.45,2007-12-03,80.29,44.29,,2008-11-03,66.59,EMA,336,-17.36,CLOSED
SOLARINDS,2010-11,22.51,2010-12-01,115.59,96.6,,2011-01-31,96.6,SL,61,-16.74,CLOSED
STLTECH,2009-05,81.01,2009-06-01,28.18,15.07,,2010-11-01,72.66,EMA,518,157.55,CLOSED
STLTECH,2026-05,81.87,2026-06-01,562.95,294.8,,2026-09-30,909.9,OPEN,121,61.33,OPEN
SUZLON,2020-06,80.36,2020-07-01,4.87,2.62,,2020-09-24,2.62,SL,85,-46.53,CLOSED
SUZLON,2020-12,85.51,2021-01-01,6.15,3.12,,2022-06-01,8.17,EMA,516,32.54,CLOSED
SUZLON,2024-01,20.29,2024-02-01,47.3,37.1,,2024-03-14,35.5,SL,42,-25.25,CLOSED
TATACOMM,2020-07,24.19,2020-08-03,721.17,554.12,,2022-03-02,1101.17,EMA,576,52.39,CLOSED
TTML,2017-02,32.23,2017-03-01,7.99,5.69,,2017-06-01,6.32,EMA,92,-21.26,CLOSED
TTML,2017-10,38.66,2017-11-01,8.28,3.54,,2018-01-01,6.6,EMA,61,-20.53,CLOSED
TTML,2019-05,41.38,2019-06-03,4.31,2.39,,2019-07-01,3.54,EMA,28,-18.08,CLOSED
TTML,2020-10,152.54,2020-11-02,7.8,2.7,,2022-08-01,108.0,EMA,637,1284.32,CLOSED
TECHNOE,2008-02,4.77,2008-03-03,220.9,193.47,,2008-03-04,193.47,SL,1,-12.71,CLOSED
TEGA,2023-05,36.68,2023-06-01,911.66,648.56,,2025-01-01,1563.01,EMA,580,71.15,CLOSED
TEJASNET,2021-07,42.45,2021-08-02,268.39,176.62,,2024-03-01,749.01,EMA,942,178.78,CLOSED
NIACL,2023-11,83.8,2023-12-01,255.42,129.71,,2024-10-01,226.51,EMA,305,-11.62,CLOSED
TITAGARH,2013-08,61.18,2013-09-02,22.34,12.63,,2013-10-01,20.88,EMA,29,-6.87,CLOSED
TARIL,2014-06,18.18,2014-07-01,10.48,8.02,,2014-10-10,8.02,SL,101,-23.71,CLOSED
TARIL,2024-03,14.35,2024-04-01,206.16,151.8,,2025-03-03,399.52,EMA,336,93.5,CLOSED
TRIDENT,2007-12,75.28,2008-01-01,2.65,1.47,,2008-01-28,1.47,SL,27,-44.79,CLOSED
TRIDENT,2009-05,60.11,2009-06-01,0.99,0.53,,2011-02-01,0.95,EMA,610,-4.98,CLOSED
TRIDENT,2021-07,26.3,2021-08-02,19.62,15.12,,2022-07-01,36.18,EMA,333,84.13,CLOSED
UNOMINDA,2007-12,4.77,2008-01-01,6.62,5.67,,2008-01-11,5.67,SL,10,-14.58,CLOSED
UNOMINDA,2013-11,53.77,2013-12-02,7.48,4.78,,2015-07-01,15.66,EMA,576,109.06,CLOSED
VMM,2025-04,13.66,2025-05-02,115.95,96.3,,2026-02-02,124.0,EMA,276,6.64,CLOSED
WELSPUNLIV,2009-07,16.57,2009-08-03,3.38,2.24,,2010-09-01,5.62,EMA,394,66.04,CLOSED
WELSPUNLIV,2020-05,18.44,2020-06-01,31.87,23.08,,2020-07-01,36.34,EMA,30,13.72,CLOSED
WHIRLPOOL,2014-06,13.19,2014-07-01,333.32,282.21,,2015-10-01,640.77,EMA,457,91.94,CLOSED
WOCKPHARMA,2024-06,29.71,2024-07-01,750.0,490.15,,2025-11-03,1290.4,EMA,490,71.75,CLOSED
ZFCVINDIA,2009-07,35.0,2009-08-03,44.49,32.55,,2012-01-02,193.37,EMA,882,334.32,CLOSED
ZENTEC,2015-05,25.94,2015-06-01,75.26,52.74,,2016-03-01,58.49,EMA,274,-22.58,CLOSED
ZENTEC,2024-01,5.76,2024-02-01,865.51,686.31,,2025-03-03,1071.93,EMA,396,23.55,CLOSED
