symbol,signal_month,signal_growth_%,entry_month,entry_price,target_price,exit_month,exit_price,months_held,return_%,status
AWL,2022-03,36.26,2022-04,523.27,713.0,2022-04,713.0,0,35.96,CLOSED
ABBOTINDIA,2008-03,6.66,2008-04,215.1,229.43,2010-01,229.43,21,6.36,CLOSED
ACE,2014-06,7.21,2014-07,30.72,32.94,2014-07,32.94,0,6.91,CLOSED
ACE,2018-07,17.23,2018-08,142.91,167.54,2021-02,167.54,30,16.93,CLOSED
ADANIENSOL,2021-08,76.91,2021-09,1659.6,2935.99,2022-04,2935.99,7,76.61,CLOSED
ADANIENT,2007-12,43.85,2008-01,75.21,108.18,2015-05,108.18,88,43.55,CLOSED
ADANIGREEN,2018-07,125.37,2018-08,62.7,141.31,2019-12,141.31,16,125.07,CLOSED
ADANIGREEN,2020-10,16.11,2020-11,860.0,998.51,2020-11,998.51,0,15.81,CLOSED
ADANIPOWER,2021-08,2.76,2021-09,20.4,20.96,2021-09,20.96,0,2.46,CLOSED
ADANIPOWER,2023-04,17.35,2023-05,46.0,53.98,2023-05,53.98,0,17.05,CLOSED
CPPLUS,2026-05,24.85,2026-06,3073.3,3837.01,2026-07,3837.01,1,24.55,CLOSED
AEGISLOG,2005-07,64.0,2005-08,6.57,10.77,2005-11,10.77,3,63.7,CLOSED
ANANTRAJ,2006-10,18.79,2006-11,356.84,423.88,2006-11,423.88,0,18.49,CLOSED
ANANTRAJ,2009-05,54.68,2009-06,47.8,73.93,2021-09,73.93,147,54.38,CLOSED
ASTRAL,2009-05,60.0,2009-06,4.52,7.23,2009-11,7.23,5,59.7,CLOSED
ATHERENERG,2026-08,36.29,2026-09,1694.0,2308.8,2026-09,1425.0,0,-16.18,OPEN
AUROPHARMA,2026-08,8.66,2026-09,1700.0,1847.17,2026-09,1672.0,0,-1.95,OPEN
AVANTIFEED,2011-10,78.71,2011-11,7.3,13.05,2013-09,13.05,22,78.41,CLOSED
AVANTIFEED,2014-03,13.88,2014-04,30.95,35.25,2014-04,35.25,0,13.58,CLOSED
AXISBANK,2026-08,5.73,2026-09,1274.9,1348.0,2026-09,1226.0,0,-4.14,OPEN
BAJAJ-AUTO,2026-08,5.29,2026-09,12180.0,12824.39,2026-09,10874.0,0,-11.02,OPEN
BAJAJFINSV,2009-05,66.82,2009-06,36.57,61.0,2012-02,61.0,32,66.52,CLOSED
BAJAJHLDNG,2026-08,2.65,2026-09,11413.86,11716.74,2026-09,10788.0,0,-5.78,OPEN
BALKRISIND,2007-06,25.34,2007-07,52.27,65.52,2008-01,65.52,6,25.04,CLOSED
BHEL,2026-08,8.76,2026-09,437.25,475.55,2026-09,415.5,0,-5.27,OPEN
BBOX,2021-03,29.18,2021-04,265.06,342.4,2021-04,342.4,0,28.88,CLOSED
BBOX,2023-12,13.27,2024-01,304.62,345.03,2024-06,345.03,5,12.97,CLOSED
BOSCHLTD,2026-08,22.5,2026-09,49400.0,60514.88,2026-09,47100.0,0,-4.96,OPEN
BRIGADE,2009-05,95.2,2009-06,42.46,82.87,2015-02,83.06,68,95.35,CLOSED
CGPOWER,2020-06,42.5,2020-07,8.84,12.6,2020-08,12.6,1,42.2,CLOSED
CGPOWER,2020-10,31.11,2020-11,32.06,42.03,2020-12,42.72,1,32.98,CLOSED
CGPOWER,2021-09,43.13,2021-10,122.1,174.76,2021-12,174.76,2,42.83,CLOSED
CGPOWER,2026-08,6.09,2026-09,901.95,956.9,2026-09,854.2,0,-5.59,OPEN
CIEINDIA,2009-05,62.16,2009-06,69.67,112.97,2009-11,112.97,5,61.86,CLOSED
CIEINDIA,2020-04,38.18,2020-05,94.16,130.12,2020-08,130.12,3,37.88,CLOSED
CANFINHOME,2006-08,8.24,2006-09,7.25,7.85,2006-10,7.85,1,7.94,CLOSED
CANFINHOME,2007-12,10.22,2008-01,12.37,13.63,2009-05,13.63,16,9.92,CLOSED
CAPLIPOINT,2014-07,67.56,2014-08,71.66,120.07,2015-02,120.07,6,67.26,CLOSED
CGCL,2013-04,15.74,2013-05,22.57,26.13,2013-05,26.13,0,15.44,CLOSED
CASTROLIND,2005-03,1.13,2005-04,21.62,21.86,2006-03,21.86,11,0.83,CLOSED
CASTROLIND,2006-07,1.06,2006-08,22.33,22.57,2007-04,22.57,8,0.76,CLOSED
CEMPRO,2007-12,25.38,2008-01,65.34,81.92,2015-04,81.92,87,25.08,CLOSED
CEMPRO,2019-10,15.08,2019-11,59.07,67.98,2019-11,67.98,0,14.78,CLOSED
CEMPRO,2026-04,59.56,2026-05,813.17,1297.46,2026-06,1297.46,1,59.26,CLOSED
CREDITACC,2020-04,45.84,2020-05,463.72,676.31,2020-08,676.31,3,45.54,CLOSED
CUPID,2023-12,32.18,2024-01,11.74,15.52,2024-01,15.52,0,31.88,CLOSED
CYIENT,2007-11,10.18,2007-12,105.0,115.69,2007-12,115.69,0,9.88,CLOSED
DLF,2026-08,4.82,2026-09,672.6,704.99,2026-09,674.0,0,-0.09,OPEN
DEEPAKFERT,2022-07,19.54,2022-08,710.53,849.4,2022-08,849.4,0,19.24,CLOSED
DEEPAKNTR,2013-06,1.82,2013-07,23.19,23.61,2013-07,23.61,0,1.52,CLOSED
DIVISLAB,2026-08,17.51,2026-09,9251.5,10871.89,2026-09,9291.5,0,0.13,OPEN
ELECON,2009-05,122.87,2009-06,40.38,89.99,2021-08,89.99,146,122.57,CLOSED
NYKAA,2026-08,4.84,2026-09,347.15,363.97,2026-09,320.0,0,-8.12,OPEN
FACT,2007-12,17.25,2008-01,46.85,54.93,2008-01,54.93,0,16.95,CLOSED
FACT,2022-12,155.81,2023-01,382.14,977.54,2024-06,977.54,17,155.51,CLOSED
GVT&D,2007-10,31.83,2007-11,2.93,3.86,2008-04,3.86,5,31.53,CLOSED
GVT&D,2023-12,18.17,2024-01,501.24,592.32,2024-01,592.32,0,17.87,CLOSED
GVT&D,2025-07,15.49,2025-08,2850.81,3292.36,2025-11,3292.36,3,15.19,CLOSED
GABRIEL,2007-12,26.02,2008-01,12.6,15.87,2010-01,15.87,24,25.72,CLOSED
GODFRYPHLP,2005-11,38.98,2005-12,71.71,99.66,2008-01,99.66,25,38.68,CLOSED
GODREJIND,2006-04,20.56,2006-05,120.79,145.62,2006-10,145.62,5,20.26,CLOSED
GODREJIND,2007-11,34.57,2007-12,276.92,372.65,2007-12,372.65,0,34.27,CLOSED
GRAPHITE,2017-10,33.68,2017-11,405.24,541.74,2017-12,541.74,1,33.38,CLOSED
HEGAM,2017-12,33.57,2018-01,404.16,539.82,2018-03,539.82,2,33.27,CLOSED
HFCL,2007-12,71.61,2008-01,48.29,82.87,2021-07,82.87,162,71.31,CLOSED
HSCL,2007-12,5.87,2008-01,69.08,73.13,2008-01,73.13,0,5.57,CLOSED
HSCL,2018-07,9.69,2018-08,138.07,151.45,2018-08,151.45,0,9.39,CLOSED
HONAUT,2006-07,4.55,2006-08,1219.42,1274.9,2006-08,1274.9,0,4.25,CLOSED
IDBI,2020-06,116.18,2020-07,43.44,93.9,2024-02,93.9,43,115.88,CLOSED
IIFL,2021-01,29.1,2021-02,147.17,189.99,2021-02,189.99,0,28.8,CLOSED
JBMA,2013-07,29.93,2013-08,2.38,3.1,2014-01,3.1,5,29.63,CLOSED
JBMA,2014-02,54.88,2014-03,4.69,7.26,2014-04,7.26,1,54.58,CLOSED
JBMA,2014-08,63.05,2014-09,30.74,50.12,2014-09,50.12,0,62.75,CLOSED
JMFINANCIL,2010-05,3.39,2010-06,26.9,27.81,2010-06,27.81,0,3.09,CLOSED
JPPOWER,2017-01,25.32,2017-02,5.2,6.52,2017-02,6.52,0,25.02,CLOSED
JPPOWER,2017-12,35.0,2018-01,9.9,13.36,2023-11,13.36,70,34.7,CLOSED
JPPOWER,2024-01,32.97,2024-02,18.65,24.8,2025-07,24.8,17,32.67,CLOSED
J&KBANK,2015-08,1.35,2015-09,149.22,151.23,2026-06,151.23,129,1.05,CLOSED
JWL,2013-12,15.68,2014-01,11.12,12.86,2014-01,12.86,0,15.38,CLOSED
KPRMILL,2009-05,72.58,2009-06,4.17,7.19,2009-12,7.19,6,72.28,CLOSED
KEI,2009-05,62.82,2009-06,21.51,35.02,2010-01,35.02,7,62.52,CLOSED
KPITTECH,2020-04,58.16,2020-05,51.17,80.93,2020-08,80.93,3,57.86,CLOSED
KSB,2006-07,15.84,2006-08,37.63,43.6,2006-10,43.6,2,15.54,CLOSED
MINDACORP,2012-06,20.0,2012-07,4.23,5.08,2012-07,5.08,0,19.7,CLOSED
MINDACORP,2012-08,10.16,2012-09,5.66,6.23,2012-11,6.23,2,9.86,CLOSED
MINDACORP,2012-12,117.49,2013-01,15.65,34.03,2014-07,34.03,18,117.19,CLOSED
MCX,2026-08,26.6,2026-09,3360.1,4253.89,2026-09,3300.4,0,-2.08,OPEN
NMDC,2008-07,20.92,2008-08,30.1,36.4,2009-05,36.4,9,20.62,CLOSED
NAVA,2006-04,48.98,2006-05,20.51,30.56,2007-06,30.56,13,48.68,CLOSED
NESTLEIND,2005-04,0.09,2005-05,433.07,433.47,2018-05,433.47,156,-0.21,CLOSED
OLECTRA,2005-12,14.56,2006-01,14.54,16.66,2006-04,16.66,3,14.26,CLOSED
OLECTRA,2008-04,36.16,2008-05,53.62,73.01,2017-03,73.01,106,35.86,CLOSED
OLECTRA,2017-08,131.59,2017-09,173.61,402.05,2021-09,402.05,48,131.29,CLOSED
OFSS,2026-08,12.1,2026-09,12350.0,13844.9,2026-09,10630.0,0,-14.23,OPEN
POLICYBZR,2026-08,17.08,2026-09,1845.0,2160.08,2026-09,1063.9,0,-42.64,OPEN
PCBL,2009-07,75.42,2009-08,7.04,12.35,2010-01,12.35,5,75.12,CLOSED
PGEL,2021-01,23.55,2021-02,17.29,21.36,2021-02,21.36,0,23.25,CLOSED
PNBHOUSING,2021-05,41.17,2021-06,515.74,728.07,2021-06,728.07,0,40.87,CLOSED
PTCIL,2024-01,32.77,2024-02,8150.0,10821.1,2024-06,10821.1,4,32.47,CLOSED
PVRINOX,2007-12,25.0,2008-01,325.64,407.05,2013-09,407.05,68,24.7,CLOSED
PATANJALI,2007-12,55.63,2008-01,5066.02,7884.37,2026-09,363.0,224,-93.13,OPEN
PETRONET,2026-08,7.07,2026-09,294.1,314.89,2026-09,284.5,0,-3.56,OPEN
POLYCAB,2026-08,3.72,2026-09,9200.0,9541.98,2026-09,8026.0,0,-13.06,OPEN
POONAWALLA,2005-06,40.46,2005-07,23.93,33.62,2005-08,33.62,1,40.16,CLOSED
PFOCUS,2007-08,5.02,2007-09,90.0,94.52,2007-09,94.52,0,4.72,CLOSED
PFOCUS,2010-07,21.49,2010-08,38.4,46.65,2010-08,46.65,0,21.19,CLOSED
PFOCUS,2022-01,8.9,2022-02,80.3,87.44,2022-02,87.44,0,8.6,CLOSED
RKFORGE,2008-04,10.67,2008-05,39.13,43.31,2014-07,43.31,74,10.37,CLOSED
RKFORGE,2014-10,10.77,2014-11,53.05,58.76,2014-11,58.76,0,10.47,CLOSED
RPOWER,2020-04,84.0,2020-05,2.25,4.14,2020-06,4.14,1,83.7,CLOSED
RPOWER,2021-02,28.79,2021-03,4.45,5.73,2021-05,5.73,2,28.49,CLOSED
RPOWER,2024-07,13.52,2024-08,33.39,37.9,2024-08,37.9,0,13.22,CLOSED
RPOWER,2024-09,59.23,2024-10,51.09,81.35,2026-09,19.69,23,-61.76,OPEN
SHRIPISTON,2016-07,165.25,2016-08,1029.72,2731.32,2025-09,2731.32,109,164.95,CLOSED
SAGILITY,2025-07,13.13,2025-08,47.04,53.21,2025-10,53.21,2,12.83,CLOSED
SCHNEIDER,2025-06,10.67,2025-07,857.0,948.44,2025-07,948.44,0,10.37,CLOSED
SHRIRAMFIN,2005-08,37.17,2005-09,15.09,20.7,2005-10,20.7,1,36.87,CLOSED
SOLARINDS,2007-11,79.45,2007-12,80.29,144.09,2011-08,144.09,44,79.15,CLOSED
STLTECH,2009-05,81.01,2009-06,28.18,51.0,2009-09,51.0,3,80.71,CLOSED
STLTECH,2026-05,81.87,2026-06,562.95,1023.83,2026-09,909.9,3,61.33,OPEN
SUZLON,2020-06,80.36,2020-07,4.87,8.78,2021-12,8.78,17,80.06,CLOSED
SUZLON,2024-01,20.29,2024-02,47.3,56.9,2024-07,56.9,5,19.99,CLOSED
TATACOMM,2020-07,24.19,2020-08,721.17,895.64,2020-10,895.64,2,23.89,CLOSED
TTML,2017-02,32.23,2017-03,7.99,10.56,2021-01,10.56,46,31.93,CLOSED
TTML,2021-05,11.83,2021-06,16.35,18.28,2021-06,18.28,0,11.53,CLOSED
TTML,2021-11,113.97,2021-12,118.15,252.81,2022-01,252.81,1,113.67,CLOSED
TECHNOE,2008-02,4.77,2008-03,220.9,231.42,2010-04,231.42,25,4.47,CLOSED
TEGA,2023-05,36.68,2023-06,911.66,1246.1,2024-02,1246.1,8,36.38,CLOSED
TEJASNET,2021-07,42.45,2021-08,268.39,382.31,2021-08,382.31,0,42.15,CLOSED
TEJASNET,2022-03,4.75,2022-04,446.45,467.65,2022-04,467.65,0,4.45,CLOSED
NIACL,2023-11,83.8,2023-12,255.42,469.45,2026-09,167.02,33,-34.91,OPEN
TITAGARH,2013-08,61.18,2013-09,22.34,36.01,2014-04,36.01,7,60.88,CLOSED
TARIL,2014-06,18.18,2014-07,10.48,12.38,2015-04,12.38,9,17.88,CLOSED
TARIL,2024-03,14.35,2024-04,206.16,235.74,2024-04,235.74,0,14.05,CLOSED
TARIL,2024-05,11.66,2024-06,367.01,409.82,2024-06,409.82,0,11.36,CLOSED
TARIL,2024-10,46.48,2024-11,466.88,683.91,2026-09,270.1,22,-42.45,OPEN
TRIDENT,2007-12,75.28,2008-01,2.65,4.64,2015-12,4.64,95,74.98,CLOSED
TRIDENT,2021-07,26.3,2021-08,19.62,24.78,2021-09,24.78,1,26.0,CLOSED
UNOMINDA,2007-12,4.77,2008-01,6.62,6.93,2008-01,6.93,0,4.47,CLOSED
UNOMINDA,2013-11,53.77,2013-12,7.48,11.5,2014-07,11.5,7,53.47,CLOSED
VMM,2025-04,13.66,2025-05,115.95,131.79,2025-05,131.79,0,13.36,CLOSED
WELSPUNLIV,2009-07,16.57,2009-08,3.38,3.94,2009-08,3.94,0,16.27,CLOSED
WELSPUNLIV,2020-05,18.44,2020-06,31.87,37.75,2020-06,37.75,0,18.14,CLOSED
WHIRLPOOL,2014-06,13.19,2014-07,333.32,377.29,2014-08,377.29,1,12.89,CLOSED
WOCKPHARMA,2024-06,29.71,2024-07,750.0,972.8,2024-07,972.8,0,29.41,CLOSED
WOCKPHARMA,2024-10,23.51,2024-11,1228.0,1516.69,2024-12,1516.69,1,23.21,CLOSED
ZFCVINDIA,2009-07,35.0,2009-08,44.49,60.06,2009-08,60.06,0,34.7,CLOSED
ZENTEC,2015-05,25.94,2015-06,75.26,94.78,2015-07,94.78,1,25.64,CLOSED
ZENTEC,2024-01,5.76,2024-02,865.51,915.39,2024-03,915.39,1,5.46,CLOSED
