year,trades_entered,invested_Rs,booked_PnL_Rs,avg_held,max_held
2005,14,1400000,-81490.0,5.4,10
2006,29,2900000,-201290.0,14.75,19
2007,26,2600000,123440.0,18.583333333333332,25
2008,21,2100000,884000.0,7.666666666666667,24
2009,32,3200000,-186830.0,11.583333333333334,23
2010,20,2000000,305700.00000000006,21.666666666666668,25
2011,31,3100000,1042910.0,9.416666666666666,18
2012,63,6300000,157560.0,23.666666666666668,41
2013,37,3700000,557370.0,26.083333333333332,41
2014,79,7900000,15280.0,54.75,82
2015,39,3900000,6086660.0,56.0,77
2016,58,5800000,2684640.0,27.25,39
2017,48,4800000,541590.0,38.583333333333336,47
2018,59,5900000,1545940.0,30.416666666666668,49
2019,54,5400000,-37360.0,23.416666666666668,27
2020,35,3500000,96650.0,13.25,26
2021,55,5500000,1231709.9999999998,42.166666666666664,61
2022,113,11300000,2007710.0,45.166666666666664,69
2023,167,16700000,250120.0,91.83333333333333,134
2024,68,6800000,4630590.0,119.91666666666667,138
2025,75,7500000,7922590.000000001,36.75,69
2026,75,7500000,1145130.0,33.0,43
