year,start_equity_Rs,end_equity_Rs,avg_held,max_held,return_%
2005,1000000.0,1031875.3796158493,2.4444444444444446,4,3.1875379615849297
2006,1031875.3796158493,953585.7540769568,4.25,7,-7.5871202167880565
2007,953585.7540769568,1034994.8022145819,4.25,6,8.53715020275514
2008,1034994.8022145819,739769.5068421181,2.0,6,-28.52432637736626
2009,739769.5068421181,965590.1638345033,7.416666666666667,14,30.52581309499418
2010,965590.1638345033,1261376.8067501802,10.666666666666666,13,30.63273156605737
2011,1261376.8067501802,1159326.3349755916,1.75,7,-8.090403377362875
2012,1159326.3349755916,1328399.9899373036,1.5,2,14.583784553231215
2013,1328399.9899373036,1391938.9084576576,1.3333333333333333,2,4.783116456012082
2014,1391938.9084576576,2422082.8446130236,5.75,9,74.00784114130556
2015,2422082.8446130236,3013740.42041973,8.083333333333334,10,24.42763578969305
2016,3013740.42041973,2844695.7662797733,2.75,4,-5.609131197716533
2017,2844695.7662797733,2968950.5852584336,2.3333333333333335,5,4.367947548259532
2018,2968950.5852584336,2713137.077111373,2.3333333333333335,5,-8.616293899172224
2019,2713137.077111373,2683073.7559324745,0.25,1,-1.108064956707111
2020,2683073.7559324745,4009448.9817472016,3.9166666666666665,7,49.434914820437314
2021,4009448.9817472016,11809881.200014507,10.75,12,194.5512277068083
2022,11809881.200014507,11054148.321615178,9.083333333333334,11,-6.399157329359085
2023,11054148.321615178,15320968.168879176,5.583333333333333,7,38.59926358072017
2024,15320968.168879176,22740509.279358227,10.5,13,48.42736456792625
2025,22740509.279358227,19167573.631668426,3.75,8,-15.711766186929632
2026,19167573.631668426,19599524.116431043,3.5555555555555554,12,2.2535480654106044
